,Translit
chpt1V1,"['dhṛitarāśhtra uvācha', ' dharma-kṣhetre kuru-kṣhetre samavetā yuyutsavaḥ', ' māmakāḥ pāṇḍavāśhchaiva kimakurvata sañjaya']"
chpt1V2,"['sañjaya uvācha', ' dṛiṣhṭvā tu pāṇḍavānīkaṁ vyūḍhaṁ duryodhanastadā', ' āchāryamupasaṅgamya rājā vachanamabravīt']"
chpt1V3,"['paśhyaitāṁ pāṇḍu-putrāṇām āchārya mahatīṁ chamūm', ' vyūḍhāṁ drupada-putreṇa tava śhiṣhyeṇa dhīmatā']"
chpt1V4,"['atra śhūrā maheṣhvāsā bhīmārjuna-samā yudhi', 'yuyudhāno virāṭaśhcha drupadaśhcha mahā-rathaḥ', 'dhṛiṣhṭaketuśhchekitānaḥ kāśhirājaśhcha vīryavān', 'purujit kuntibhojaśhcha śhaibyaśhcha nara-puṅgavaḥ', 'yudhāmanyuśhcha vikrānta uttamaujāśhcha vīryavān', 'saubhadro draupadeyāśhcha sarva eva mahā-rathāḥ']"
chpt1V7,"['asmākaṁ tu viśhiṣhṭā ye tānnibodha dwijottama', ' nāyakā mama sainyasya sanjñārthaṁ tānbravīmi te']"
chpt1V8,"['bhavānbhīṣhmaśhcha karṇaśhcha kṛipaśhcha samitiñjayaḥ', ' aśhvatthāmā vikarṇaśhcha saumadattis tathaiva cha']"
chpt1V9,"['anye cha bahavaḥ śhūrā madarthe tyaktajīvitāḥ', ' nānā-śhastra-praharaṇāḥ sarve yuddha-viśhāradāḥ']"
chpt1V10,"['aparyāptaṁ tadasmākaṁ balaṁ bhīṣhmābhirakṣhitam', ' paryāptaṁ tvidameteṣhāṁ balaṁ bhīmābhirakṣhitam']"
chpt1V11,"['ayaneṣhu cha sarveṣhu yathā-bhāgamavasthitāḥ', ' bhīṣhmamevābhirakṣhantu bhavantaḥ sarva eva hi']"
chpt1V12,"['tasya sañjanayan harṣhaṁ kuru-vṛiddhaḥ pitāmahaḥ', ' siṁha-nādaṁ vinadyochchaiḥ śhaṅkhaṁ dadhmau pratāpavān']"
chpt1V13,"['tataḥ śhaṅkhāśhcha bheryaśhcha paṇavānaka-gomukhāḥ', ' sahasaivābhyahanyanta sa śhabdastumulo ’bhavat']"
chpt1V14,"['tataḥ śhvetairhayairyukte mahati syandane sthitau', ' mādhavaḥ pāṇḍavaśhchaiva divyau śhaṅkhau pradadhmatuḥ']"
chpt1V15,"['pāñchajanyaṁ hṛiṣhīkeśho devadattaṁ dhanañjayaḥ', 'pauṇḍraṁ dadhmau mahā-śhaṅkhaṁ bhīma-karmā vṛikodaraḥ']"
chpt1V16,"['anantavijayaṁ rājā kuntī-putro yudhiṣhṭhiraḥ', ' nakulaḥ sahadevaśhcha sughoṣha-maṇipuṣhpakau', 'kāśhyaśhcha parameṣhvāsaḥ śhikhaṇḍī cha mahā-rathaḥ', ' dhṛiṣhṭadyumno virāṭaśhcha sātyakiśh chāparājitaḥ', 'drupado draupadeyāśhcha sarvaśhaḥ pṛithivī-pate', ' saubhadraśhcha mahā-bāhuḥ śhaṅkhāndadhmuḥ pṛithak pṛithak']"
chpt1V19,"['sa ghoṣho dhārtarāṣhṭrāṇāṁ hṛidayāni vyadārayat', ' nabhaśhcha pṛithivīṁ chaiva tumulo abhyanunādayan']"
chpt1V20,"['atha vyavasthitān dṛiṣhṭvā dhārtarāṣhṭrān kapi-dhwajaḥ', ' pravṛitte śhastra-sampāte dhanurudyamya pāṇḍavaḥ', ' hṛiṣhīkeśhaṁ tadā vākyam idam āha mahī-pate']"
chpt1V21,"['arjuna uvācha', 'senayor ubhayor madhye rathaṁ sthāpaya me ’chyuta', 'yāvadetān nirīkṣhe ’haṁ yoddhu-kāmān avasthitān', 'kairmayā saha yoddhavyam asmin raṇa-samudyame']"
chpt1V23,"['yotsyamānān avekṣhe ’haṁ ya ete ’tra samāgatāḥ', 'dhārtarāṣhṭrasya durbuddher yuddhe priya-chikīrṣhavaḥ']"
chpt1V24,"['sañjaya uvācha', 'evam ukto hṛiṣhīkeśho guḍākeśhena bhārata', 'senayor ubhayor madhye sthāpayitvā rathottamam']"
chpt1V25,"['bhīṣhma-droṇa-pramukhataḥ sarveṣhāṁ cha mahī-kṣhitām', 'uvācha pārtha paśhyaitān samavetān kurūn iti']"
chpt1V26,"['tatrāpaśhyat sthitān pārthaḥ pitṝīn atha pitāmahān', 'āchāryān mātulān bhrātṝīn putrān pautrān sakhīṁs tathā', 'śhvaśhurān suhṛidaśh chaiva senayor ubhayor api']"
chpt1V27,"['tān samīkṣhya sa kaunteyaḥ sarvān bandhūn avasthitān', 'kṛipayā parayāviṣhṭo viṣhīdann idam abravīt']"
chpt1V28,"['arjuna uvācha', 'dṛiṣhṭvemaṁ sva-janaṁ kṛiṣhṇa yuyutsuṁ samupasthitam', 'sīdanti mama gātrāṇi mukhaṁ cha pariśhuṣhyati']"
chpt1V29,"['vepathuśh cha śharīre me roma-harṣhaśh cha jāyate', 'gāṇḍīvaṁ sraṁsate hastāt tvak chaiva paridahyate', 'na cha śhaknomy avasthātuṁ bhramatīva cha me manaḥ', 'nimittāni cha paśhyāmi viparītāni keśhava', 'na cha śhreyo ’nupaśhyāmi hatvā sva-janam āhave']"
chpt1V32,"['na kāṅkṣhe vijayaṁ kṛiṣhṇa na cha rājyaṁ sukhāni cha', 'kiṁ no rājyena govinda kiṁ bhogair jīvitena vā', 'yeṣhām arthe kāṅkṣhitaṁ no rājyaṁ bhogāḥ sukhāni cha', 'ta ime ’vasthitā yuddhe prāṇāṁs tyaktvā dhanāni cha']"
chpt1V34,"['āchāryāḥ pitaraḥ putrās tathaiva cha pitāmahāḥ', 'mātulāḥ śhvaśhurāḥ pautrāḥ śhyālāḥ sambandhinas tathā', 'etān na hantum ichchhāmi ghnato ’pi madhusūdana', 'api trailokya-rājyasya hetoḥ kiṁ nu mahī-kṛite']"
chpt1V36,"['nihatya dhārtarāṣhṭrān naḥ kā prītiḥ syāj janārdana', 'pāpam evāśhrayed asmān hatvaitān ātatāyinaḥ', 'tasmān nārhā vayaṁ hantuṁ dhārtarāṣhṭrān sa-bāndhavān ', 'sva-janaṁ hi kathaṁ hatvā sukhinaḥ syāma mādhava']"
chpt1V38,"['yady apy ete na paśhyanti lobhopahata-chetasaḥ', 'kula-kṣhaya-kṛitaṁ doṣhaṁ mitra-drohe cha pātakam', 'kathaṁ na jñeyam asmābhiḥ pāpād asmān nivartitum', 'kula-kṣhaya-kṛitaṁ doṣhaṁ prapaśhyadbhir janārdana']"
chpt1V40,"['kula-kṣhaye praṇaśhyanti kula-dharmāḥ sanātanāḥ', ' dharme naṣhṭe kulaṁ kṛitsnam adharmo ’bhibhavaty uta']"
chpt1V41,"['adharmābhibhavāt kṛiṣhṇa praduṣhyanti kula-striyaḥ', 'strīṣhu duṣhṭāsu vārṣhṇeya jāyate varṇa-saṅkaraḥ']"
chpt1V42,"['saṅkaro narakāyaiva kula-ghnānāṁ kulasya cha', 'patanti pitaro hy eṣhāṁ lupta-piṇḍodaka-kriyāḥ']"
chpt1V43,"['doṣhair etaiḥ kula-ghnānāṁ varṇa-saṅkara-kārakaiḥ', 'utsādyante jāti-dharmāḥ kula-dharmāśh cha śhāśhvatāḥ']"
chpt1V44,"['utsanna-kula-dharmāṇāṁ manuṣhyāṇāṁ janārdana', 'narake ‘niyataṁ vāso bhavatītyanuśhuśhruma']"
chpt1V45,"['aho bata mahat pāpaṁ kartuṁ vyavasitā vayam', 'yad rājya-sukha-lobhena hantuṁ sva-janam udyatāḥ', 'yadi mām apratīkāram aśhastraṁ śhastra-pāṇayaḥ', 'dhārtarāṣhṭrā raṇe hanyus tan me kṣhemataraṁ bhavet']"
chpt1V47,"['sañjaya uvācha', 'evam uktvārjunaḥ saṅkhye rathopastha upāviśhat', 'visṛijya sa-śharaṁ chāpaṁ śhoka-saṁvigna-mānasaḥ']"
chpt2V1,"['sañjaya uvācha', 'taṁ tathā kṛipayāviṣhṭamaśhru pūrṇākulekṣhaṇam', 'viṣhīdantamidaṁ vākyam uvācha madhusūdanaḥ']"
chpt2V2,"['śhrī bhagavān uvācha', 'kutastvā kaśhmalamidaṁ viṣhame samupasthitam', 'anārya-juṣhṭamaswargyam akīrti-karam arjuna']"
chpt2V3,"['klaibyaṁ mā sma gamaḥ pārtha naitat tvayyupapadyate', 'kṣhudraṁ hṛidaya-daurbalyaṁ tyaktvottiṣhṭha parantapa']"
chpt2V4,"['arjuna uvācha', 'kathaṁ bhīṣhmam ahaṁ sankhye droṇaṁ cha madhusūdana', 'iṣhubhiḥ pratiyotsyāmi pūjārhāvari-sūdana']"
chpt2V5,"['gurūnahatvā hi mahānubhāvān', 'śhreyo bhoktuṁ bhaikṣhyamapīha loke', 'hatvārtha-kāmāṁstu gurūnihaiva', 'bhuñjīya bhogān rudhira-pradigdhān']"
chpt2V6,"['na chaitadvidmaḥ kataranno garīyo', 'yadvā jayema yadi vā no jayeyuḥ', 'yāneva hatvā na jijīviṣhāmas', 'te ’vasthitāḥ pramukhe dhārtarāṣhṭrāḥ']"
chpt2V7,"['kārpaṇya-doṣhopahata-svabhāvaḥ', 'pṛichchhāmi tvāṁ dharma-sammūḍha-chetāḥ', 'yach-chhreyaḥ syānniśhchitaṁ brūhi tanme', 'śhiṣhyaste ’haṁ śhādhi māṁ tvāṁ prapannam']"
chpt2V8,"['na hi prapaśhyāmi mamāpanudyād', 'yach-chhokam uchchhoṣhaṇam-indriyāṇām', 'avāpya bhūmāv-asapatnamṛiddhaṁ', 'rājyaṁ surāṇāmapi chādhipatyam']"
chpt2V9,"['sañjaya uvācha', 'evam-uktvā hṛiṣhīkeśhaṁ guḍākeśhaḥ parantapa', 'na yotsya iti govindam uktvā tūṣhṇīṁ babhūva ha']"
chpt2V10,"['tam-uvācha hṛiṣhīkeśhaḥ prahasanniva bhārata', 'senayorubhayor-madhye viṣhīdantam-idaṁ vachaḥ']"
chpt2V11,"['śhrī bhagavān uvācha', 'aśhochyān-anvaśhochas-tvaṁ prajñā-vādānśh cha bhāṣhase', 'gatāsūn-agatāsūnśh-cha nānuśhochanti paṇḍitāḥ']"
chpt2V12,"['na tvevāhaṁ jātu nāsaṁ na tvaṁ neme janādhipāḥ', 'na chaiva na bhaviṣhyāmaḥ sarve vayamataḥ param']"
chpt2V13,"['dehino ’smin yathā dehe kaumāraṁ yauvanaṁ jarā', 'tathā dehāntara-prāptir dhīras tatra na muhyati']"
chpt2V14,"['mātrā-sparśhās tu kaunteya śhītoṣhṇa-sukha-duḥkha-dāḥ', 'āgamāpāyino ’nityās tans-titikṣhasva bhārata']"
chpt2V15,"['yaṁ hi na vyathayantyete puruṣhaṁ puruṣharṣhabha', 'sama-duḥkha-sukhaṁ dhīraṁ so ’mṛitatvāya kalpate']"
chpt2V16,"['nāsato vidyate bhāvo nābhāvo vidyate sataḥ', 'ubhayorapi dṛiṣhṭo ’nta stvanayos tattva-darśhibhiḥ']"
chpt2V17,"['avināśhi tu tadviddhi yena sarvam idaṁ tatam', 'vināśham avyayasyāsya na kaśhchit kartum arhati']"
chpt2V18,"['antavanta ime dehā nityasyoktāḥ śharīriṇaḥ', 'anāśhino ’prameyasya tasmād yudhyasva bhārata']"
chpt2V19,"['ya enaṁ vetti hantāraṁ yaśh chainaṁ manyate hatam', 'ubhau tau na vijānīto nāyaṁ hanti na hanyate']"
chpt2V20,"['na jāyate mriyate vā kadāchin', 'nāyaṁ bhūtvā bhavitā vā na bhūyaḥ', 'ajo nityaḥ śhāśhvato ’yaṁ purāṇo', 'na hanyate hanyamāne śharīre']"
chpt2V21,"['vedāvināśhinaṁ nityaṁ ya enam ajam avyayam', 'kathaṁ sa puruṣhaḥ pārtha kaṁ ghātayati hanti kam']"
chpt2V22,"['vāsānsi jīrṇāni yathā vihāya', 'navāni gṛihṇāti naro ’parāṇi', 'tathā śharīrāṇi vihāya jīrṇānya', 'nyāni sanyāti navāni dehī']"
chpt2V23,"['nainaṁ chhindanti śhastrāṇi nainaṁ dahati pāvakaḥ', 'na chainaṁ kledayantyāpo na śhoṣhayati mārutaḥ']"
chpt2V24,"['achchhedyo ’yam adāhyo ’yam akledyo ’śhoṣhya eva cha', 'nityaḥ sarva-gataḥ sthāṇur achalo ’yaṁ sanātanaḥ']"
chpt2V25,"['avyakto ’yam achintyo ’yam avikāryo ’yam uchyate', 'tasmādevaṁ viditvainaṁ nānuśhochitum arhasi']"
chpt2V26,"['atha chainaṁ nitya-jātaṁ nityaṁ vā manyase mṛitam', 'tathāpi tvaṁ mahā-bāho naivaṁ śhochitum arhasi']"
chpt2V27,"['jātasya hi dhruvo mṛityur dhruvaṁ janma mṛitasya cha', 'tasmād aparihārye ’rthe na tvaṁ śhochitum arhasi']"
chpt2V28,"['avyaktādīni bhūtāni vyakta-madhyāni bhārata', 'avyakta-nidhanānyeva tatra kā paridevanā']"
chpt2V29,"['āśhcharya-vat paśhyati kaśhchid enan', 'āśhcharya-vad vadati tathaiva chānyaḥ', 'āśhcharya-vach chainam anyaḥ śhṛiṇoti', 'śhrutvāpyenaṁ veda na chaiva kaśhchit']"
chpt2V30,"['dehī nityam avadhyo ’yaṁ dehe sarvasya bhārata', 'tasmāt sarvāṇi bhūtāni na tvaṁ śhochitum arhasi']"
chpt2V31,"['swa-dharmam api chāvekṣhya na vikampitum arhasi', 'dharmyāddhi yuddhāch chhreyo ’nyat kṣhatriyasya na vidyate']"
chpt2V32,"['yadṛichchhayā chopapannaṁ swarga-dvāram apāvṛitam', 'sukhinaḥ kṣhatriyāḥ pārtha labhante yuddham īdṛiśham']"
chpt2V33,"['atha chet tvam imaṁ dharmyaṁ saṅgrāmaṁ na kariṣhyasi', 'tataḥ sva-dharmaṁ kīrtiṁ cha hitvā pāpam avāpsyasi']"
chpt2V34,"['akīrtiṁ chāpi bhūtāni', 'kathayiṣhyanti te ’vyayām', 'sambhāvitasya chākīrtir', 'maraṇād atirichyate']"
chpt2V35,"['bhayād raṇād uparataṁ mansyante tvāṁ mahā-rathāḥ', 'yeṣhāṁ cha tvaṁ bahu-mato bhūtvā yāsyasi lāghavam']"
chpt2V36,"['avāchya-vādānśh cha bahūn vadiṣhyanti tavāhitāḥ', 'nindantastava sāmarthyaṁ tato duḥkhataraṁ nu kim']"
chpt2V37,"['hato vā prāpsyasi swargaṁ jitvā vā bhokṣhyase mahīm', 'tasmād uttiṣhṭha kaunteya yuddhāya kṛita-niśhchayaḥ']"
chpt2V38,"['sukha-duḥkhe same kṛitvā lābhālābhau jayājayau', 'tato yuddhāya yujyasva naivaṁ pāpam avāpsyasi']"
chpt2V39,"['eṣhā te ’bhihitā sānkhye', 'buddhir yoge tvimāṁ śhṛiṇu', 'buddhyā yukto yayā pārtha', 'karma-bandhaṁ prahāsyasi']"
chpt2V40,"['nehābhikrama-nāśho ’sti pratyavāyo na vidyate', 'svalpam apyasya dharmasya trāyate mahato bhayāt']"
chpt2V41,"['vyavasāyātmikā buddhir ekeha kuru-nandana', 'bahu-śhākhā hyanantāśh cha buddhayo ’vyavasāyinām']"
chpt2V42,"['yāmimāṁ puṣhpitāṁ vāchaṁ pravadanty-avipaśhchitaḥ', 'veda-vāda-ratāḥ pārtha nānyad astīti vādinaḥ', 'kāmātmānaḥ swarga-parā janma-karma-phala-pradām', 'kriyā-viśheṣha-bahulāṁ bhogaiśhwarya-gatiṁ prati']"
chpt2V44,"['bhogaiśwvarya-prasaktānāṁ tayāpahṛita-chetasām', 'vyavasāyātmikā buddhiḥ samādhau na vidhīyate']"
chpt2V45,"['trai-guṇya-viṣhayā vedā nistrai-guṇyo bhavārjuna', 'nirdvandvo nitya-sattva-stho niryoga-kṣhema ātmavān']"
chpt2V46,"['yāvān artha udapāne sarvataḥ samplutodake', 'tāvānsarveṣhu vedeṣhu brāhmaṇasya vijānataḥ']"
chpt2V47,"['karmaṇy-evādhikāras te mā phaleṣhu kadāchana', 'mā karma-phala-hetur bhūr mā te saṅgo ’stvakarmaṇi']"
chpt2V48,"['yoga-sthaḥ kuru karmāṇi saṅgaṁ tyaktvā dhanañjaya', 'siddhy-asiddhyoḥ samo bhūtvā samatvaṁ yoga uchyate']"
chpt2V49,"['dūreṇa hy-avaraṁ karma buddhi-yogād dhanañjaya', 'buddhau śharaṇam anvichchha kṛipaṇāḥ phala-hetavaḥ']"
chpt2V50,"['buddhi-yukto jahātīha ubhe sukṛita-duṣhkṛite', 'tasmād yogāya yujyasva yogaḥ karmasu kauśhalam']"
chpt2V51,"['karma-jaṁ buddhi-yuktā hi phalaṁ tyaktvā manīṣhiṇaḥ', 'janma-bandha-vinirmuktāḥ padaṁ gachchhanty-anāmayam']"
chpt2V52,"['yadā te moha-kalilaṁ buddhir vyatitariṣhyati', 'tadā gantāsi nirvedaṁ śhrotavyasya śhrutasya cha']"
chpt2V53,"['śhruti-vipratipannā te yadā sthāsyati niśhchalā', 'samādhāv-achalā buddhis tadā yogam avāpsyasi']"
chpt2V54,"['arjuna uvācha', 'sthita-prajñasya kā bhāṣhā samādhi-sthasya keśhava', 'sthita-dhīḥ kiṁ prabhāṣheta kim āsīta vrajeta kim']"
chpt2V55,"['śhrī bhagavān uvācha', 'prajahāti yadā kāmān sarvān pārtha mano-gatān', 'ātmany-evātmanā tuṣhṭaḥ sthita-prajñas tadochyate']"
chpt2V56,"['duḥkheṣhv-anudvigna-manāḥ sukheṣhu vigata-spṛihaḥ', 'vīta-rāga-bhaya-krodhaḥ sthita-dhīr munir uchyate']"
chpt2V57,"['yaḥ sarvatrānabhisnehas tat tat prāpya śhubhāśhubham', 'nābhinandati na dveṣhṭi tasya prajñā pratiṣhṭhitā']"
chpt2V58,"['yadā sanharate chāyaṁ kūrmo ’ṅgānīva sarvaśhaḥ', 'indriyāṇīndriyārthebhyas tasya prajñā pratiṣhṭhitā']"
chpt2V59,"['viṣhayā vinivartante nirāhārasya dehinaḥ', 'rasa-varjaṁ raso ’pyasya paraṁ dṛiṣhṭvā nivartate']"
chpt2V60,"['yatato hyapi kaunteya puruṣhasya vipaśhchitaḥ', 'indriyāṇi pramāthīni haranti prasabhaṁ manaḥ']"
chpt2V61,"['tāni sarvāṇi sanyamya yukta āsīta mat-paraḥ', 'vaśhe hi yasyendriyāṇi tasya prajñā pratiṣhṭhitā']"
chpt2V62,"['dhyāyato viṣhayān puṁsaḥ saṅgas teṣhūpajāyate', 'saṅgāt sañjāyate kāmaḥ kāmāt krodho ’bhijāyate']"
chpt2V63,"['krodhād bhavati sammohaḥ sammohāt smṛiti-vibhramaḥ', 'smṛiti-bhranśhād buddhi-nāśho buddhi-nāśhāt praṇaśhyati']"
chpt2V64,"['rāga-dveṣha-viyuktais tu viṣhayān indriyaiśh charan', 'ātma-vaśhyair-vidheyātmā prasādam adhigachchhati']"
chpt2V65,"['prasāde sarva-duḥkhānāṁ hānir asyopajāyate', 'prasanna-chetaso hyāśhu buddhiḥ paryavatiṣhṭhate']"
chpt2V66,"['nāsti buddhir-ayuktasya na chāyuktasya bhāvanā', 'na chābhāvayataḥ śhāntir aśhāntasya kutaḥ sukham']"
chpt2V67,"['indriyāṇāṁ hi charatāṁ yan mano ’nuvidhīyate', 'tadasya harati prajñāṁ vāyur nāvam ivāmbhasi']"
chpt2V68,"['tasmād yasya mahā-bāho nigṛihītāni sarvaśhaḥ', 'indriyāṇīndriyārthebhyas tasya prajñā pratiṣhṭhitā']"
chpt2V69,"['yā niśhā sarva-bhūtānāṁ tasyāṁ jāgarti sanyamī', 'yasyāṁ jāgrati bhūtāni sā niśhā paśhyato muneḥ']"
chpt2V70,"['āpūryamāṇam achala-pratiṣhṭhaṁ', 'samudram āpaḥ praviśhanti yadvat', 'tadvat kāmā yaṁ praviśhanti sarve', 'sa śhāntim āpnoti na kāma-kāmī']"
chpt2V71,"['vihāya kāmān yaḥ sarvān pumānśh charati niḥspṛihaḥ', 'nirmamo nirahankāraḥ sa śhāntim adhigachchhati']"
chpt2V72,"['eṣhā brāhmī sthitiḥ pārtha naināṁ prāpya vimuhyati', 'sthitvāsyām anta-kāle ’pi brahma-nirvāṇam ṛichchhati']"
chpt3V1,"['arjuna uvācha', 'jyāyasī chet karmaṇas te matā buddhir janārdana', 'tat kiṁ karmaṇi ghore māṁ niyojayasi keśhava', 'vyāmiśhreṇeva vākyena buddhiṁ mohayasīva me', 'tad ekaṁ vada niśhchitya yena śhreyo ’ham āpnuyām']"
chpt3V3,"['śhrī bhagavān uvācha', 'loke ’smin dvi-vidhā niṣhṭhā purā proktā mayānagha', 'jñāna-yogena sāṅkhyānāṁ karma-yogena yoginām']"
chpt3V4,"['na karmaṇām anārambhān naiṣhkarmyaṁ puruṣho ’śhnute', 'na cha sannyasanād eva siddhiṁ samadhigachchhati']"
chpt3V5,"['na hi kaśhchit kṣhaṇam api jātu tiṣhṭhatyakarma-kṛit', 'kāryate hyavaśhaḥ karma sarvaḥ prakṛiti-jair guṇaiḥ']"
chpt3V6,"['karmendriyāṇi sanyamya ya āste manasā smaran', 'indriyārthān vimūḍhātmā mithyāchāraḥ sa uchyate']"
chpt3V7,"['yas tvindriyāṇi manasā niyamyārabhate ’rjuna', 'karmendriyaiḥ karma-yogam asaktaḥ sa viśhiṣhyate']"
chpt3V8,"['niyataṁ kuru karma tvaṁ karma jyāyo hyakarmaṇaḥ', 'śharīra-yātrāpi cha te na prasiddhyed akarmaṇaḥ']"
chpt3V9,"['yajñārthāt karmaṇo ’nyatra loko ’yaṁ karma-bandhanaḥ', 'tad-arthaṁ karma kaunteya mukta-saṅgaḥ samāchara']"
chpt3V10,"['saha-yajñāḥ prajāḥ sṛiṣhṭvā purovācha prajāpatiḥ', 'anena prasaviṣhyadhvam eṣha vo ’stviṣhṭa-kāma-dhuk']"
chpt3V11,"['devān bhāvayatānena te devā bhāvayantu vaḥ', 'parasparaṁ bhāvayantaḥ śhreyaḥ param avāpsyatha']"
chpt3V12,"['iṣhṭān bhogān hi vo devā dāsyante yajña-bhāvitāḥ', 'tair dattān apradāyaibhyo yo bhuṅkte stena eva saḥ']"
chpt3V13,"['yajña-śhiṣhṭāśhinaḥ santo muchyante sarva-kilbiṣhaiḥ', 'bhuñjate te tvaghaṁ pāpā ye pachantyātma-kāraṇāt']"
chpt3V14,"['annād bhavanti bhūtāni parjanyād anna-sambhavaḥ', 'yajñād bhavati parjanyo yajñaḥ karma-samudbhavaḥ']"
chpt3V15,"['karma brahmodbhavaṁ viddhi brahmākṣhara-samudbhavam', 'tasmāt sarva-gataṁ brahma nityaṁ yajñe pratiṣhṭhitam']"
chpt3V16,"['evaṁ pravartitaṁ chakraṁ nānuvartayatīha yaḥ', 'aghāyur indriyārāmo moghaṁ pārtha sa jīvati']"
chpt3V17,"['yas tvātma-ratir eva syād ātma-tṛiptaśh cha mānavaḥ', 'ātmanyeva cha santuṣhṭas tasya kāryaṁ na vidyate']"
chpt3V18,"['naiva tasya kṛitenārtho nākṛiteneha kaśhchana', 'na chāsya sarva-bhūteṣhu kaśhchid artha-vyapāśhrayaḥ']"
chpt3V19,"['tasmād asaktaḥ satataṁ kāryaṁ karma samāchara', 'asakto hyācharan karma param āpnoti pūruṣhaḥ']"
chpt3V20,"['karmaṇaiva hi sansiddhim āsthitā janakādayaḥ', 'loka-saṅgraham evāpi sampaśhyan kartum arhasi', 'yad yad ācharati śhreṣhṭhas tat tad evetaro janaḥ', 'sa yat pramāṇaṁ kurute lokas tad anuvartate']"
chpt3V22,"['na me pārthāsti kartavyaṁ triṣhu lokeṣhu kiñchana', 'nānavāptam avāptavyaṁ varta eva cha karmaṇi']"
chpt3V23,"['yadi hyahaṁ na varteyaṁ jātu karmaṇyatandritaḥ', 'mama vartmānuvartante manuṣhyāḥ pārtha sarvaśhaḥ']"
chpt3V24,"['utsīdeyur ime lokā na kuryāṁ karma ched aham', 'sankarasya cha kartā syām upahanyām imāḥ prajāḥ']"
chpt3V25,"['saktāḥ karmaṇyavidvānso yathā kurvanti bhārata', 'kuryād vidvāns tathāsaktaśh chikīrṣhur loka-saṅgraham']"
chpt3V26,"['na buddhi-bhedaṁ janayed ajñānāṁ karma-saṅginām', 'joṣhayet sarva-karmāṇi vidvān yuktaḥ samācharan']"
chpt3V27,"['prakṛiteḥ kriyamāṇāni guṇaiḥ karmāṇi sarvaśhaḥ', 'ahankāra-vimūḍhātmā kartāham iti manyate']"
chpt3V28,"['tattva-vit tu mahā-bāho guṇa-karma-vibhāgayoḥ', 'guṇā guṇeṣhu vartanta iti matvā na sajjate']"
chpt3V29,"['prakṛiter guṇa-sammūḍhāḥ sajjante guṇa-karmasu', 'tān akṛitsna-vido mandān kṛitsna-vin na vichālayet']"
chpt3V30,"['mayi sarvāṇi karmāṇi sannyasyādhyātma-chetasā', 'nirāśhīr nirmamo bhūtvā yudhyasva vigata-jvaraḥ']"
chpt3V31,"['ye me matam idaṁ nityam anutiṣhṭhanti mānavāḥ', 'śhraddhāvanto ’nasūyanto muchyante te ’pi karmabhiḥ']"
chpt3V32,"['ye tvetad abhyasūyanto nānutiṣhṭhanti me matam', 'sarva-jñāna-vimūḍhāns tān viddhi naṣhṭān achetasaḥ']"
chpt3V33,"['sadṛiśhaṁ cheṣhṭate svasyāḥ prakṛiter jñānavān api', 'prakṛitiṁ yānti bhūtāni nigrahaḥ kiṁ kariṣhyati']"
chpt3V34,"['indriyasyendriyasyārthe rāga-dveṣhau vyavasthitau', 'tayor na vaśham āgachchhet tau hyasya paripanthinau']"
chpt3V35,"['śhreyān swa-dharmo viguṇaḥ para-dharmāt sv-anuṣhṭhitāt', 'swa-dharme nidhanaṁ śhreyaḥ para-dharmo bhayāvahaḥ']"
chpt3V36,"['arjuna uvācha', 'atha kena prayukto ’yaṁ pāpaṁ charati pūruṣhaḥ', 'anichchhann api vārṣhṇeya balād iva niyojitaḥ']"
chpt3V37,"['śhrī bhagavān uvācha', 'kāma eṣha krodha eṣha rajo-guṇa-samudbhavaḥ', 'mahāśhano mahā-pāpmā viddhyenam iha vairiṇam']"
chpt3V38,"['dhūmenāvriyate vahnir yathādarśho malena cha', 'yatholbenāvṛito garbhas tathā tenedam āvṛitam']"
chpt3V39,"['āvṛitaṁ jñānam etena jñānino nitya-vairiṇā', 'kāma-rūpeṇa kaunteya duṣhpūreṇānalena cha']"
chpt3V40,"['indriyāṇi mano buddhir asyādhiṣhṭhānam uchyate', 'etair vimohayatyeṣha jñānam āvṛitya dehinam']"
chpt3V41,"['tasmāt tvam indriyāṇyādau niyamya bharatarṣhabha', 'pāpmānaṁ prajahi hyenaṁ jñāna-vijñāna-nāśhanam']"
chpt3V42,"['indriyāṇi parāṇyāhur indriyebhyaḥ paraṁ manaḥ', 'manasas tu parā buddhir yo buddheḥ paratas tu saḥ']"
chpt3V43,"['evaṁ buddheḥ paraṁ buddhvā sanstabhyātmānam ātmanā', 'jahi śhatruṁ mahā-bāho kāma-rūpaṁ durāsadam']"
chpt4V1,"['śhrī bhagavān uvācha', 'imaṁ vivasvate yogaṁ proktavān aham avyayam', 'vivasvān manave prāha manur ikṣhvākave ’bravīt']"
chpt4V2,"['evaṁ paramparā-prāptam imaṁ rājarṣhayo viduḥ', 'sa kāleneha mahatā yogo naṣhṭaḥ parantapa']"
chpt4V3,"['sa evāyaṁ mayā te ’dya yogaḥ proktaḥ purātanaḥ', 'bhakto ’si me sakhā cheti rahasyaṁ hyetad uttamam']"
chpt4V4,"['arjuna uvācha', 'aparaṁ bhavato janma paraṁ janma vivasvataḥ', 'katham etad vijānīyāṁ tvam ādau proktavān iti']"
chpt4V5,"['śhrī bhagavān uvācha', 'bahūni me vyatītāni janmāni tava chārjuna', 'tānyahaṁ veda sarvāṇi na tvaṁ vettha parantapa']"
chpt4V6,"['ajo ’pi sannavyayātmā bhūtānām īśhvaro ’pi san', 'prakṛitiṁ svām adhiṣhṭhāya sambhavāmyātma-māyayā']"
chpt4V7,"['yadā yadā hi dharmasya glānir bhavati bhārata', 'abhyutthānam adharmasya tadātmānaṁ sṛijāmyaham']"
chpt4V8,"['paritrāṇāya sādhūnāṁ vināśhāya cha duṣhkṛitām', 'dharma-sansthāpanārthāya sambhavāmi yuge yuge']"
chpt4V9,"['janma karma cha me divyam evaṁ yo vetti tattvataḥ', 'tyaktvā dehaṁ punar janma naiti mām eti so ’rjuna']"
chpt4V10,"['vīta-rāga-bhaya-krodhā man-mayā mām upāśhritāḥ', 'bahavo jñāna-tapasā pūtā mad-bhāvam āgatāḥ']"
chpt4V11,"['ye yathā māṁ prapadyante tāns tathaiva bhajāmyaham', 'mama vartmānuvartante manuṣhyāḥ pārtha sarvaśhaḥ']"
chpt4V12,"['kāṅkṣhantaḥ karmaṇāṁ siddhiṁ yajanta iha devatāḥ', 'kṣhipraṁ hi mānuṣhe loke siddhir bhavati karmajā']"
chpt4V13,"['chātur-varṇyaṁ mayā sṛiṣhṭaṁ guṇa-karma-vibhāgaśhaḥ', 'tasya kartāram api māṁ viddhyakartāram avyayam']"
chpt4V14,"['na māṁ karmāṇi limpanti na me karma-phale spṛihā', 'iti māṁ yo ’bhijānāti karmabhir na sa badhyate']"
chpt4V15,"['evaṁ jñātvā kṛitaṁ karma pūrvair api mumukṣhubhiḥ', 'kuru karmaiva tasmāttvaṁ pūrvaiḥ pūrvataraṁ kṛitam']"
chpt4V16,"['kiṁ karma kim akarmeti kavayo ’pyatra mohitāḥ', 'tat te karma pravakṣhyāmi yaj jñātvā mokṣhyase ’śhubhāt']"
chpt4V17,"['karmaṇo hyapi boddhavyaṁ boddhavyaṁ cha vikarmaṇaḥ', 'akarmaṇaśh cha boddhavyaṁ gahanā karmaṇo gatiḥ']"
chpt4V18,"['karmaṇyakarma yaḥ paśhyed akarmaṇi cha karma yaḥ', 'sa buddhimān manuṣhyeṣhu sa yuktaḥ kṛitsna-karma-kṛit']"
chpt4V19,"['yasya sarve samārambhāḥ kāma-saṅkalpa-varjitāḥ', 'jñānāgni-dagdha-karmāṇaṁ tam āhuḥ paṇḍitaṁ budhāḥ']"
chpt4V20,"['tyaktvā karma-phalāsaṅgaṁ nitya-tṛipto nirāśhrayaḥ', 'karmaṇyabhipravṛitto ’pi naiva kiñchit karoti saḥ']"
chpt4V21,"['nirāśhīr yata-chittātmā tyakta-sarva-parigrahaḥ', 'śhārīraṁ kevalaṁ karma kurvan nāpnoti kilbiṣham']"
chpt4V22,"['yadṛichchhā-lābha-santuṣhṭo dvandvātīto vimatsaraḥ', 'samaḥ siddhāvasiddhau cha kṛitvāpi na nibadhyate']"
chpt4V23,"['gata-saṅgasya muktasya jñānāvasthita-chetasaḥ', 'yajñāyācharataḥ karma samagraṁ pravilīyate']"
chpt4V24,"['brahmārpaṇaṁ brahma havir brahmāgnau brahmaṇā hutam', 'brahmaiva tena gantavyaṁ brahma-karma-samādhinā']"
chpt4V25,"['daivam evāpare yajñaṁ yoginaḥ paryupāsate', 'brahmāgnāvapare yajñaṁ yajñenaivopajuhvati']"
chpt4V26,"['śhrotrādīnīndriyāṇyanye sanyamāgniṣhu juhvati', 'śhabdādīn viṣhayānanya indriyāgniṣhu juhvati']"
chpt4V27,"['sarvāṇīndriya-karmāṇi prāṇa-karmāṇi chāpare', 'ātma-sanyama-yogāgnau juhvati jñāna-dīpite']"
chpt4V28,"['dravya-yajñās tapo-yajñā yoga-yajñās tathāpare', 'swādhyāya-jñāna-yajñāśh cha yatayaḥ sanśhita-vratāḥ']"
chpt4V29,"['apāne juhvati prāṇaṁ prāṇe ’pānaṁ tathāpare', 'prāṇāpāna-gatī ruddhvā prāṇāyāma-parāyaṇāḥ', 'apare niyatāhārāḥ prāṇān prāṇeṣhu juhvati', 'sarve ’pyete yajña-vido yajña-kṣhapita-kalmaṣhāḥ']"
chpt4V31,"['yajña-śhiṣhṭāmṛita-bhujo yānti brahma sanātanam', 'nāyaṁ loko ’styayajñasya kuto ’nyaḥ kuru-sattama']"
chpt4V32,"['evaṁ bahu-vidhā yajñā vitatā brahmaṇo mukhe', 'karma-jān viddhi tān sarvān evaṁ jñātvā vimokṣhyase']"
chpt4V33,"['śhreyān dravya-mayād yajñāj jñāna-yajñaḥ parantapa', 'sarvaṁ karmākhilaṁ pārtha jñāne parisamāpyate']"
chpt4V34,"['tad viddhi praṇipātena paripraśhnena sevayā', 'upadekṣhyanti te jñānaṁ jñāninas tattva-darśhinaḥ']"
chpt4V35,"['yaj jñātvā na punar moham evaṁ yāsyasi pāṇḍava', 'yena bhūtānyaśheṣheṇa drakṣhyasyātmanyatho mayi']"
chpt4V36,"['api ched asi pāpebhyaḥ sarvebhyaḥ pāpa-kṛit-tamaḥ', 'sarvaṁ jñāna-plavenaiva vṛijinaṁ santariṣhyasi']"
chpt4V37,"['yathaidhānsi samiddho ’gnir bhasma-sāt kurute ’rjuna', 'jñānāgniḥ sarva-karmāṇi bhasma-sāt kurute tathā']"
chpt4V38,"['na hi jñānena sadṛiśhaṁ pavitramiha vidyate', 'tatsvayaṁ yogasansiddhaḥ kālenātmani vindati']"
chpt4V39,"['śhraddhāvānllabhate jñānaṁ tat-paraḥ sanyatendriyaḥ', 'jñānaṁ labdhvā parāṁ śhāntim achireṇādhigachchhati']"
chpt4V40,"['ajñaśh chāśhraddadhānaśh cha sanśhayātmā vinaśhyati', 'nāyaṁ loko ’sti na paro na sukhaṁ sanśhayātmanaḥ']"
chpt4V41,"['yoga-sannyasta-karmāṇaṁ jñāna-sañchhinna-sanśhayam', 'ātmavantaṁ na karmāṇi nibadhnanti dhanañjaya']"
chpt4V42,"['tasmād ajñāna-sambhūtaṁ hṛit-sthaṁ jñānāsinātmanaḥ', 'chhittvainaṁ sanśhayaṁ yogam ātiṣhṭhottiṣhṭha bhārata']"
chpt5V1,"['arjuna uvācha', 'sannyāsaṁ karmaṇāṁ kṛiṣhṇa punar yogaṁ cha śhansasi', 'yach chhreya etayor ekaṁ tan me brūhi su-niśhchitam']"
chpt5V2,"['śhrī bhagavān uvācha', 'sannyāsaḥ karma-yogaśh cha niḥśhreyasa-karāvubhau', 'tayos tu karma-sannyāsāt karma-yogo viśhiṣhyate']"
chpt5V3,"['jñeyaḥ sa nitya-sannyāsī yo na dveṣhṭi na kāṅkṣhati', 'nirdvandvo hi mahā-bāho sukhaṁ bandhāt pramuchyate']"
chpt5V4,"['sānkhya-yogau pṛithag bālāḥ pravadanti na paṇḍitāḥ', 'ekamapyāsthitaḥ samyag ubhayor vindate phalam']"
chpt5V5,"['yat sānkhyaiḥ prāpyate sthānaṁ tad yogair api gamyate', 'ekaṁ sānkhyaṁ cha yogaṁ cha yaḥ paśhyati sa paśhyati']"
chpt5V6,"['sannyāsas tu mahā-bāho duḥkham āptum ayogataḥ', 'yoga-yukto munir brahma na chireṇādhigachchhati']"
chpt5V7,"['yoga-yukto viśhuddhātmā vijitātmā jitendriyaḥ', 'sarva-bhūtātma-bhūtātmā kurvann api na lipyate']"
chpt5V8,"['naiva kiñchit karomīti yukto manyeta tattva-vit', 'paśhyañ śhṛiṇvan spṛiśhañjighrann aśhnangachchhan svapañśhvasan', 'pralapan visṛijan gṛihṇann unmiṣhan nimiṣhann api', 'indriyāṇīndriyārtheṣhu vartanta iti dhārayan']"
chpt5V10,"['brahmaṇyādhāya karmāṇi saṅgaṁ tyaktvā karoti yaḥ', 'lipyate na sa pāpena padma-patram ivāmbhasā']"
chpt5V11,"['kāyena manasā buddhyā kevalair indriyair api', 'yoginaḥ karma kurvanti saṅgaṁ tyaktvātma-śhuddhaye']"
chpt5V12,"['yuktaḥ karma-phalaṁ tyaktvā śhāntim āpnoti naiṣhṭhikīm', 'ayuktaḥ kāma-kāreṇa phale sakto nibadhyate']"
chpt5V13,"['sarva-karmāṇi manasā sannyasyāste sukhaṁ vaśhī', 'nava-dvāre pure dehī naiva kurvan na kārayan']"
chpt5V14,"['na kartṛitvaṁ na karmāṇi lokasya sṛijati prabhuḥ', 'na karma-phala-saṅyogaṁ svabhāvas tu pravartate']"
chpt5V15,"['nādatte kasyachit pāpaṁ na chaiva sukṛitaṁ vibhuḥ', 'ajñānenāvṛitaṁ jñānaṁ tena muhyanti jantavaḥ']"
chpt5V16,"['jñānena tu tad ajñānaṁ yeṣhāṁ nāśhitam ātmanaḥ', 'teṣhām āditya-vaj jñānaṁ prakāśhayati tat param']"
chpt5V17,"['tad-buddhayas tad-ātmānas tan-niṣhṭhās tat-parāyaṇāḥ', 'gachchhantyapunar-āvṛittiṁ jñāna-nirdhūta-kalmaṣhāḥ']"
chpt5V18,"['vidyā-vinaya-sampanne brāhmaṇe gavi hastini', 'śhuni chaiva śhva-pāke cha paṇḍitāḥ sama-darśhinaḥ']"
chpt5V19,"['ihaiva tair jitaḥ sargo yeṣhāṁ sāmye sthitaṁ manaḥ', 'nirdoṣhaṁ hi samaṁ brahma tasmād brahmaṇi te sthitāḥ']"
chpt5V20,"['na prahṛiṣhyet priyaṁ prāpya nodvijet prāpya chāpriyam', 'sthira-buddhir asammūḍho brahma-vid brahmaṇi sthitaḥ']"
chpt5V21,"['bāhya-sparśheṣhvasaktātmā vindatyātmani yat sukham', 'sa brahma-yoga-yuktātmā sukham akṣhayam aśhnute']"
chpt5V22,"['ye hi sansparśha-jā bhogā duḥkha-yonaya eva te', 'ādyantavantaḥ kaunteya na teṣhu ramate budhaḥ']"
chpt5V23,"['śhaknotīhaiva yaḥ soḍhuṁ prāk śharīra-vimokṣhaṇāt', 'kāma-krodhodbhavaṁ vegaṁ sa yuktaḥ sa sukhī naraḥ']"
chpt5V24,"[""yo 'ntaḥ-sukho 'ntar-ārāmas tathāntar-jyotir eva yaḥ"", ""sa yogī brahma-nirvāṇaṁ brahma-bhūto 'dhigachchhati""]"
chpt5V25,"['labhante brahma-nirvāṇam ṛiṣhayaḥ kṣhīṇa-kalmaṣhāḥ', 'chhinna-dvaidhā yatātmānaḥ sarva-bhūta-hite ratāḥ']"
chpt5V26,"['kāma-krodha-viyuktānāṁ yatīnāṁ yata-chetasām', 'abhito brahma-nirvāṇaṁ vartate viditātmanām']"
chpt5V27,"['sparśhān kṛitvā bahir bāhyānśh chakṣhuśh chaivāntare bhruvoḥ', 'prāṇāpānau samau kṛitvā nāsābhyantara-chāriṇau', 'yatendriya-mano-buddhir munir mokṣha-parāyaṇaḥ', 'vigatechchhā-bhaya-krodho yaḥ sadā mukta eva saḥ']"
chpt5V29,"['bhoktāraṁ yajña-tapasāṁ sarva-loka-maheśhvaram', 'suhṛidaṁ sarva-bhūtānāṁ jñātvā māṁ śhāntim ṛichchhati']"
chpt6V1,"['śhrī bhagavān uvācha', 'anāśhritaḥ karma-phalaṁ kāryaṁ karma karoti yaḥ', 'sa sannyāsī cha yogī cha na niragnir na chākriyaḥ']"
chpt6V2,"['yaṁ sannyāsam iti prāhur yogaṁ taṁ viddhi pāṇḍava', 'na hyasannyasta-saṅkalpo yogī bhavati kaśhchana']"
chpt6V3,"['ārurukṣhor muner yogaṁ karma kāraṇam uchyate', 'yogārūḍhasya tasyaiva śhamaḥ kāraṇam uchyate']"
chpt6V4,"['yadā hi nendriyārtheṣhu na karmasv-anuṣhajjate', 'sarva-saṅkalpa-sannyāsī yogārūḍhas tadochyate']"
chpt6V5,"['uddhared ātmanātmānaṁ nātmānam avasādayet', 'ātmaiva hyātmano bandhur ātmaiva ripur ātmanaḥ']"
chpt6V6,"['bandhur ātmātmanas tasya yenātmaivātmanā jitaḥ', 'anātmanas tu śhatrutve vartetātmaiva śhatru-vat']"
chpt6V7,"['jitātmanaḥ praśhāntasya paramātmā samāhitaḥ', 'śhītoṣhṇa-sukha-duḥkheṣhu tathā mānāpamānayoḥ']"
chpt6V8,"['jñāna-vijñāna-tṛiptātmā kūṭa-stho vijitendriyaḥ', 'yukta ityuchyate yogī sama-loṣhṭāśhma-kāñchanaḥ']"
chpt6V9,"['suhṛin-mitrāryudāsīna-madhyastha-dveṣhya-bandhuṣhu', 'sādhuṣhvapi cha pāpeṣhu sama-buddhir viśhiṣhyate']"
chpt6V10,"['yogī yuñjīta satatam ātmānaṁ rahasi sthitaḥ', 'ekākī yata-chittātmā nirāśhīr aparigrahaḥ']"
chpt6V11,"['śhuchau deśhe pratiṣhṭhāpya sthiram āsanam ātmanaḥ', 'nātyuchchhritaṁ nāti-nīchaṁ chailājina-kuśhottaram']"
chpt6V12,"['tatraikāgraṁ manaḥ kṛitvā yata-chittendriya-kriyaḥ', 'upaviśhyāsane yuñjyād yogam ātma-viśhuddhaye', 'samaṁ kāya-śhiro-grīvaṁ dhārayann achalaṁ sthiraḥ', 'samprekṣhya nāsikāgraṁ svaṁ diśhaśh chānavalokayan']"
chpt6V14,"['praśhāntātmā vigata-bhīr brahmachāri-vrate sthitaḥ', 'manaḥ sanyamya mach-chitto yukta āsīta mat-paraḥ']"
chpt6V15,"['yuñjann evaṁ sadātmānaṁ yogī niyata-mānasaḥ', 'śhāntiṁ nirvāṇa-paramāṁ mat-sansthām adhigachchhati']"
chpt6V16,"['nātyaśhnatastu yogo ’sti na chaikāntam anaśhnataḥ', 'na chāti-svapna-śhīlasya jāgrato naiva chārjuna']"
chpt6V17,"['yuktāhāra-vihārasya yukta-cheṣhṭasya karmasu', 'yukta-svapnāvabodhasya yogo bhavati duḥkha-hā']"
chpt6V18,"['yadā viniyataṁ chittam ātmanyevāvatiṣhṭhate', 'niḥspṛihaḥ sarva-kāmebhyo yukta ityuchyate tadā']"
chpt6V19,"['yathā dīpo nivāta-stho neṅgate sopamā smṛitā', 'yogino yata-chittasya yuñjato yogam ātmanaḥ']"
chpt6V20,"['yatroparamate chittaṁ niruddhaṁ yoga-sevayā', 'yatra chaivātmanātmānaṁ paśhyann ātmani tuṣhyati']"
chpt6V21,"['sukham ātyantikaṁ yat tad buddhi-grāhyam atīndriyam', 'vetti yatra na chaivāyaṁ sthitaśh chalati tattvataḥ']"
chpt6V22,"['yaṁ labdhvā chāparaṁ lābhaṁ manyate nādhikaṁ tataḥ', 'yasmin sthito na duḥkhena guruṇāpi vichālyate']"
chpt6V23,"['taṁ vidyād duḥkha-sanyoga-viyogaṁ yogasaṅjñitam', 'sa niśhchayena yoktavyo yogo ’nirviṇṇa-chetasā']"
chpt6V24,"['saṅkalpa-prabhavān kāmāns tyaktvā sarvān aśheṣhataḥ', 'manasaivendriya-grāmaṁ viniyamya samantataḥ', 'śhanaiḥ śhanair uparamed buddhyā dhṛiti-gṛihītayā', 'ātma-sansthaṁ manaḥ kṛitvā na kiñchid api chintayet']"
chpt6V26,"['yato yato niśhcharati manaśh chañchalam asthiram', 'tatas tato niyamyaitad ātmanyeva vaśhaṁ nayet']"
chpt6V27,"['praśhānta-manasaṁ hyenaṁ yoginaṁ sukham uttamam', 'upaiti śhānta-rajasaṁ brahma-bhūtam akalmaṣham']"
chpt6V28,"['yuñjann evaṁ sadātmānaṁ yogī vigata-kalmaṣhaḥ', 'sukhena brahma-sansparśham atyantaṁ sukham aśhnute']"
chpt6V29,"['sarva-bhūta-stham ātmānaṁ sarva-bhūtāni chātmani', 'īkṣhate yoga-yuktātmā sarvatra sama-darśhanaḥ']"
chpt6V30,"['yo māṁ paśhyati sarvatra sarvaṁ cha mayi paśhyati', 'tasyāhaṁ na praṇaśhyāmi sa cha me na praṇaśhyati']"
chpt6V31,"['sarva-bhūta-sthitaṁ yo māṁ bhajatyekatvam āsthitaḥ', 'sarvathā vartamāno ’pi sa yogī mayi vartate']"
chpt6V32,"['ātmaupamyena sarvatra samaṁ paśhyati yo ’rjuna', 'sukhaṁ vā yadi vā duḥkhaṁ sa yogī paramo mataḥ']"
chpt6V33,"['arjuna uvācha', 'yo ’yaṁ yogas tvayā proktaḥ sāmyena madhusūdana', 'etasyāhaṁ na paśhyāmi chañchalatvāt sthitiṁ sthirām']"
chpt6V34,"['chañchalaṁ hi manaḥ kṛiṣhṇa pramāthi balavad dṛiḍham', 'tasyāhaṁ nigrahaṁ manye vāyor iva su-duṣhkaram']"
chpt6V35,"['śhrī bhagavān uvācha', 'asanśhayaṁ mahā-bāho mano durnigrahaṁ chalam', 'abhyāsena tu kaunteya vairāgyeṇa cha gṛihyate']"
chpt6V36,"['asaṅyatātmanā yogo duṣhprāpa iti me matiḥ', 'vaśhyātmanā tu yatatā śhakyo ’vāptum upāyataḥ']"
chpt6V37,"['arjuna uvācha', 'ayatiḥ śhraddhayopeto yogāch chalita-mānasaḥ', 'aprāpya yoga-sansiddhiṁ kāṅ gatiṁ kṛiṣhṇa gachchhati']"
chpt6V38,"['kachchin nobhaya-vibhraṣhṭaśh chhinnābhram iva naśhyati', 'apratiṣhṭho mahā-bāho vimūḍho brahmaṇaḥ pathi']"
chpt6V39,"['etan me sanśhayaṁ kṛiṣhṇa chhettum arhasyaśheṣhataḥ', 'tvad-anyaḥ sanśhayasyāsya chhettā na hyupapadyate']"
chpt6V40,"['śhrī bhagavān uvācha', 'pārtha naiveha nāmutra vināśhas tasya vidyate', 'na hi kalyāṇa-kṛit kaśhchid durgatiṁ tāta gachchhati']"
chpt6V41,"['prāpya puṇya-kṛitāṁ lokān uṣhitvā śhāśhvatīḥ samāḥ', 'śhuchīnāṁ śhrīmatāṁ gehe yoga-bhraṣhṭo ’bhijāyate', 'atha vā yoginām eva kule bhavati dhīmatām', 'etad dhi durlabhataraṁ loke janma yad īdṛiśham']"
chpt6V43,"['tatra taṁ buddhi-sanyogaṁ labhate paurva-dehikam', 'yatate cha tato bhūyaḥ sansiddhau kuru-nandana']"
chpt6V44,"['pūrvābhyāsena tenaiva hriyate hyavaśho ’pi saḥ', 'jijñāsur api yogasya śhabda-brahmātivartate']"
chpt6V45,"['prayatnād yatamānas tu yogī sanśhuddha-kilbiṣhaḥ', 'aneka-janma-sansiddhas tato yāti parāṁ gatim']"
chpt6V46,"['tapasvibhyo ’dhiko yogī', 'jñānibhyo ’pi mato ’dhikaḥ', 'karmibhyaśh chādhiko yogī', 'tasmād yogī bhavārjuna']"
chpt6V47,"['yoginām api sarveṣhāṁ mad-gatenāntar-ātmanā', 'śhraddhāvān bhajate yo māṁ sa me yuktatamo mataḥ']"
chpt7V1,"['śhrī bhagavān uvācha', 'mayyāsakta-manāḥ pārtha yogaṁ yuñjan mad-āśhrayaḥ', 'asanśhayaṁ samagraṁ māṁ yathā jñāsyasi tach chhṛiṇu']"
chpt7V2,"['jñānaṁ te ’haṁ sa-vijñānam idaṁ vakṣhyāmyaśheṣhataḥ', 'yaj jñātvā neha bhūyo ’nyaj jñātavyam-avaśhiṣhyate']"
chpt7V3,"['manuṣhyāṇāṁ sahasreṣhu kaśhchid yatati siddhaye', 'yatatām api siddhānāṁ kaśhchin māṁ vetti tattvataḥ']"
chpt7V4,"['bhūmir-āpo ’nalo vāyuḥ khaṁ mano buddhir eva cha', 'ahankāra itīyaṁ me bhinnā prakṛitir aṣhṭadhā']"
chpt7V5,"['apareyam itas tvanyāṁ prakṛitiṁ viddhi me parām', 'jīva-bhūtāṁ mahā-bāho yayedaṁ dhāryate jagat']"
chpt7V6,"['etad-yonīni bhūtāni sarvāṇītyupadhāraya', 'ahaṁ kṛitsnasya jagataḥ prabhavaḥ pralayas tathā']"
chpt7V7,"['mattaḥ parataraṁ nānyat kiñchid asti dhanañjaya', 'mayi sarvam idaṁ protaṁ sūtre maṇi-gaṇā iva']"
chpt7V8,"['raso ’ham apsu kaunteya prabhāsmi śhaśhi-sūryayoḥ', 'praṇavaḥ sarva-vedeṣhu śhabdaḥ khe pauruṣhaṁ nṛiṣhu']"
chpt7V9,"['puṇyo gandhaḥ pṛithivyāṁ cha tejaśh chāsmi vibhāvasau', 'jīvanaṁ sarva-bhūteṣhu tapaśh chāsmi tapasviṣhu']"
chpt7V10,"['bījaṁ māṁ sarva-bhūtānāṁ viddhi pārtha sanātanam', 'buddhir buddhimatām asmi tejas tejasvinām aham']"
chpt7V11,"['balaṁ balavatāṁ chāhaṁ kāma-rāga-vivarjitam', 'dharmāviruddho bhūteṣhu kāmo ’smi bharatarṣhabha']"
chpt7V12,"['ye chaiva sāttvikā bhāvā rājasās tāmasāśh cha ye', 'matta eveti tān viddhi na tvahaṁ teṣhu te mayi']"
chpt7V13,"['tribhir guṇa-mayair bhāvair ebhiḥ sarvam idaṁ jagat', 'mohitaṁ nābhijānāti māmebhyaḥ param avyayam']"
chpt7V14,"['daivī hyeṣhā guṇa-mayī mama māyā duratyayā', 'mām eva ye prapadyante māyām etāṁ taranti te']"
chpt7V15,"['na māṁ duṣhkṛitino mūḍhāḥ prapadyante narādhamāḥ', 'māyayāpahṛita-jñānā āsuraṁ bhāvam āśhritāḥ']"
chpt7V16,"['chatur-vidhā bhajante māṁ janāḥ sukṛitino ’rjuna', 'ārto jijñāsur arthārthī jñānī cha bharatarṣhabha']"
chpt7V17,"['teṣhāṁ jñānī nitya-yukta eka-bhaktir viśhiṣhyate', 'priyo hi jñānino ’tyartham ahaṁ sa cha mama priyaḥ']"
chpt7V18,"['udārāḥ sarva evaite jñānī tvātmaiva me matam', 'āsthitaḥ sa hi yuktātmā mām evānuttamāṁ gatim']"
chpt7V19,"['bahūnāṁ janmanām ante jñānavān māṁ prapadyate', 'vāsudevaḥ sarvam iti sa mahātmā su-durlabhaḥ']"
chpt7V20,"['kāmais tais tair hṛita-jñānāḥ prapadyante ’nya-devatāḥ', 'taṁ taṁ niyamam āsthāya prakṛityā niyatāḥ svayā']"
chpt7V21,"['yo yo yāṁ yāṁ tanuṁ bhaktaḥ śhraddhayārchitum ichchhati', 'tasya tasyāchalāṁ śhraddhāṁ tām eva vidadhāmyaham']"
chpt7V22,"['sa tayā śhraddhayā yuktas tasyārādhanam īhate', 'labhate cha tataḥ kāmān mayaiva vihitān hi tān']"
chpt7V23,"['antavat tu phalaṁ teṣhāṁ tad bhavatyalpa-medhasām', 'devān deva-yajo yānti mad-bhaktā yānti mām api']"
chpt7V24,"['avyaktaṁ vyaktim āpannaṁ manyante mām abuddhayaḥ', 'paraṁ bhāvam ajānanto mamāvyayam anuttamam']"
chpt7V25,"['nāhaṁ prakāśhaḥ sarvasya yoga-māyā-samāvṛitaḥ', 'mūḍho ’yaṁ nābhijānāti loko mām ajam avyayam']"
chpt7V26,"['vedāhaṁ samatītāni vartamānāni chārjuna', 'bhaviṣhyāṇi cha bhūtāni māṁ tu veda na kaśhchana']"
chpt7V27,"['ichchhā-dveṣha-samutthena dvandva-mohena bhārata', 'sarva-bhūtāni sammohaṁ sarge yānti parantapa']"
chpt7V28,"['yeṣhāṁ tvanta-gataṁ pāpaṁ janānāṁ puṇya-karmaṇām', 'te dvandva-moha-nirmuktā bhajante māṁ dṛiḍha-vratāḥ']"
chpt7V29,"['jarā-maraṇa-mokṣhāya mām āśhritya yatanti ye', 'te brahma tadviduḥ kṛitsnam adhyātmaṁ karma chākhilam']"
chpt7V30,"['sādhibhūtādhidaivaṁ māṁ sādhiyajñaṁ cha ye viduḥ', 'prayāṇa-kāle ’pi cha māṁ te vidur yukta-chetasaḥ']"
chpt8V1,"['arjuna uvācha', 'kiṁ tad brahma kim adhyātmaṁ kiṁ karma puruṣhottama', 'adhibhūtaṁ cha kiṁ proktam adhidaivaṁ kim uchyate', 'adhiyajñaḥ kathaṁ ko ’tra dehe ’smin madhusūdana', 'prayāṇa-kāle cha kathaṁ jñeyo ’si niyatātmabhiḥ']"
chpt8V3,"['śhrī bhagavān uvācha', 'akṣharaṁ brahma paramaṁ svabhāvo ’dhyātmam uchyate', 'bhūta-bhāvodbhava-karo visargaḥ karma-sanjñitaḥ']"
chpt8V4,"['adhibhūtaṁ kṣharo bhāvaḥ puruṣhaśh chādhidaivatam', 'adhiyajño ’ham evātra dehe deha-bhṛitāṁ vara']"
chpt8V5,"['anta-kāle cha mām eva smaran muktvā kalevaram', 'yaḥ prayāti sa mad-bhāvaṁ yāti nāstyatra sanśhayaḥ']"
chpt8V6,"['yaṁ yaṁ vāpi smaran bhāvaṁ tyajatyante kalevaram', 'taṁ tam evaiti kaunteya sadā tad-bhāva-bhāvitaḥ']"
chpt8V7,"['tasmāt sarveṣhu kāleṣhu mām anusmara yudhya cha', 'mayyarpita-mano-buddhir mām evaiṣhyasyasanśhayam']"
chpt8V8,"['abhyāsa-yoga-yuktena chetasā nānya-gāminā', 'paramaṁ puruṣhaṁ divyaṁ yāti pārthānuchintayan']"
chpt8V9,"['kaviṁ purāṇam anuśhāsitāram', 'aṇor aṇīyānsam anusmared yaḥ', 'sarvasya dhātāram achintya-rūpam', 'āditya-varṇaṁ tamasaḥ parastāt', 'prayāṇa-kāle manasāchalena', 'bhaktyā yukto yoga-balena chaiva', 'bhruvor madhye prāṇam āveśhya samyak', 'sa taṁ paraṁ puruṣham upaiti divyam']"
chpt8V11,"['yad akṣharaṁ veda-vido vadanti', 'viśhanti yad yatayo vīta-rāgāḥ', 'yad ichchhanto brahmacharyaṁ charanti', 'tat te padaṁ saṅgraheṇa pravakṣhye']"
chpt8V12,"['sarva-dvārāṇi sanyamya mano hṛidi nirudhya cha', 'mūrdhnyādhāyātmanaḥ prāṇam āsthito yoga-dhāraṇām']"
chpt8V13,"['oṁ ityekākṣharaṁ brahma vyāharan mām anusmaran', 'yaḥ prayāti tyajan dehaṁ sa yāti paramāṁ gatim']"
chpt8V14,"['ananya-chetāḥ satataṁ yo māṁ smarati nityaśhaḥ', 'tasyāhaṁ sulabhaḥ pārtha nitya-yuktasya yoginaḥ']"
chpt8V15,"['mām upetya punar janma duḥkhālayam aśhāśhvatam', 'nāpnuvanti mahātmānaḥ sansiddhiṁ paramāṁ gatāḥ']"
chpt8V16,"['ā-brahma-bhuvanāl lokāḥ punar āvartino ’rjuna', 'mām upetya tu kaunteya punar janma na vidyate']"
chpt8V17,"['sahasra-yuga-paryantam ahar yad brahmaṇo viduḥ', 'rātriṁ yuga-sahasrāntāṁ te ’ho-rātra-vido janāḥ']"
chpt8V18,"['avyaktād vyaktayaḥ sarvāḥ prabhavantyahar-āgame', 'rātryāgame pralīyante tatraivāvyakta-sanjñake']"
chpt8V19,"['bhūta-grāmaḥ sa evāyaṁ bhūtvā bhūtvā pralīyate', 'rātryāgame ’vaśhaḥ pārtha prabhavatyahar-āgame']"
chpt8V20,"['paras tasmāt tu bhāvo ’nyo ’vyakto ’vyaktāt sanātanaḥ', 'yaḥ sa sarveṣhu bhūteṣhu naśhyatsu na vinaśhyati']"
chpt8V21,"['avyakto ’kṣhara ityuktas tam āhuḥ paramāṁ gatim', 'yaṁ prāpya na nivartante tad dhāma paramaṁ mama']"
chpt8V22,"['puruṣhaḥ sa paraḥ pārtha bhaktyā labhyas tvananyayā', 'yasyāntaḥ-sthāni bhūtāni yena sarvam idaṁ tatam']"
chpt8V23,"['yatra kāle tvanāvṛittim āvṛittiṁ chaiva yoginaḥ', 'prayātā yānti taṁ kālaṁ vakṣhyāmi bharatarṣhabha', 'agnir jyotir ahaḥ śhuklaḥ ṣhaṇ-māsā uttarāyaṇam', 'tatra prayātā gachchhanti brahma brahma-vido janāḥ', 'dhūmo rātris tathā kṛiṣhṇaḥ ṣhaṇ-māsā dakṣhiṇāyanam', 'tatra chāndramasaṁ jyotir yogī prāpya nivartate', 'śhukla-kṛiṣhṇe gatī hyete jagataḥ śhāśhvate mate', 'ekayā yātyanāvṛittim anyayāvartate punaḥ']"
chpt8V27,"['naite sṛitī pārtha jānan yogī muhyati kaśhchana', 'tasmāt sarveṣhu kāleṣhu yoga-yukto bhavārjuna']"
chpt8V28,"['vedeṣhu yajñeṣhu tapaḥsu chaiva', 'dāneṣhu yat puṇya-phalaṁ pradiṣhṭam', 'atyeti tat sarvam idaṁ viditvā', 'yogī paraṁ sthānam upaiti chādyam']"
chpt9V1,"['śhrī bhagavān uvācha', 'idaṁ tu te guhyatamaṁ pravakṣhyāmyanasūyave', 'jñānaṁ vijñāna-sahitaṁ yaj jñātvā mokṣhyase ’śhubhāt']"
chpt9V2,"['rāja-vidyā rāja-guhyaṁ pavitram idam uttamam', 'pratyakṣhāvagamaṁ dharmyaṁ su-sukhaṁ kartum avyayam']"
chpt9V3,"['aśhraddadhānāḥ puruṣhā dharmasyāsya parantapa', 'aprāpya māṁ nivartante mṛityu-samsāra-vartmani']"
chpt9V4,"['mayā tatam idaṁ sarvaṁ jagad avyakta-mūrtinā', 'mat-sthāni sarva-bhūtāni na chāhaṁ teṣhvavasthitaḥ']"
chpt9V5,"['na cha mat-sthāni bhūtāni paśhya me yogam aiśhwaram', 'bhūta-bhṛin na cha bhūta-stho mamātmā bhūta-bhāvanaḥ']"
chpt9V6,"['yathākāśha-sthito nityaṁ vāyuḥ sarvatra-go mahān', 'tathā sarvāṇi bhūtāni mat-sthānītyupadhāraya']"
chpt9V7,"['sarva-bhūtāni kaunteya prakṛitiṁ yānti māmikām', 'kalpa-kṣhaye punas tāni kalpādau visṛijāmyaham', 'prakṛitiṁ svām avaṣhṭabhya visṛijāmi punaḥ punaḥ', 'bhūta-grāmam imaṁ kṛitsnam avaśhaṁ prakṛiter vaśhāt']"
chpt9V9,"['na cha māṁ tāni karmāṇi nibadhnanti dhanañjaya', 'udāsīna-vad āsīnam asaktaṁ teṣhu karmasu']"
chpt9V10,"['mayādhyakṣheṇa prakṛitiḥ sūyate sa-charācharam', 'hetunānena kaunteya jagad viparivartate']"
chpt9V11,"['avajānanti māṁ mūḍhā mānuṣhīṁ tanum āśhritam', 'paraṁ bhāvam ajānanto mama bhūta-maheśhvaram']"
chpt9V12,"['moghāśhā mogha-karmāṇo mogha-jñānā vichetasaḥ', 'rākṣhasīm āsurīṁ chaiva prakṛitiṁ mohinīṁ śhritāḥ']"
chpt9V13,"['mahātmānas tu māṁ pārtha daivīṁ prakṛitim āśhritāḥ', 'bhajantyananya-manaso jñātvā bhūtādim avyayam']"
chpt9V14,"['satataṁ kīrtayanto māṁ yatantaśh cha dṛiḍha-vratāḥ', 'namasyantaśh cha māṁ bhaktyā nitya-yuktā upāsate']"
chpt9V15,"['jñāna-yajñena chāpyanye yajanto mām upāsate', 'ekatvena pṛithaktvena bahudhā viśhvato-mukham']"
chpt9V16,"['ahaṁ kratur ahaṁ yajñaḥ svadhāham aham auṣhadham', 'mantro ’ham aham evājyam aham agnir ahaṁ hutam', 'pitāham asya jagato mātā dhātā pitāmahaḥ', 'vedyaṁ pavitram oṁkāra ṛik sāma yajur eva cha']"
chpt9V18,"['gatir bhartā prabhuḥ sākṣhī nivāsaḥ śharaṇaṁ suhṛit', 'prabhavaḥ pralayaḥ sthānaṁ nidhānaṁ bījam avyayam']"
chpt9V19,"['tapāmyaham ahaṁ varṣhaṁ nigṛihṇāmyutsṛijāmi cha', 'amṛitaṁ chaiva mṛityuśh cha sad asach chāham arjuna']"
chpt9V20,"['trai-vidyā māṁ soma-pāḥ pūta-pāpā', 'yajñair iṣhṭvā svar-gatiṁ prārthayante', 'te puṇyam āsādya surendra-lokam', 'aśhnanti divyān divi deva-bhogān']"
chpt9V21,"['te taṁ bhuktvā swarga-lokaṁ viśhālaṁ', 'kṣhīṇe puṇye martya-lokaṁ viśhanti', 'evaṁ trayī-dharmam anuprapannā', 'gatāgataṁ kāma-kāmā labhante']"
chpt9V22,"['ananyāśh chintayanto māṁ ye janāḥ paryupāsate', 'teṣhāṁ nityābhiyuktānāṁ yoga-kṣhemaṁ vahāmyaham']"
chpt9V23,"['ye ’pyanya-devatā-bhaktā yajante śhraddhayānvitāḥ', 'te ’pi mām eva kaunteya yajantyavidhi-pūrvakam']"
chpt9V24,"['ahaṁ hi sarva-yajñānāṁ bhoktā cha prabhureva cha', 'na tu mām abhijānanti tattvenātaśh chyavanti te']"
chpt9V25,"['yānti deva-vratā devān pitṝīn yānti pitṛi-vratāḥ', 'bhūtāni yānti bhūtejyā yānti mad-yājino ’pi mām']"
chpt9V26,"['patraṁ puṣhpaṁ phalaṁ toyaṁ yo me bhaktyā prayachchhati', 'tadahaṁ bhaktyupahṛitam aśhnāmi prayatātmanaḥ']"
chpt9V27,"['yat karoṣhi yad aśhnāsi yaj juhoṣhi dadāsi yat', 'yat tapasyasi kaunteya tat kuruṣhva mad-arpaṇam']"
chpt9V28,"['śhubhāśhubha-phalair evaṁ mokṣhyase karma-bandhanaiḥ', 'sannyāsa-yoga-yuktātmā vimukto mām upaiṣhyasi']"
chpt9V29,"['samo ’haṁ sarva-bhūteṣhu na me dveṣhyo ’sti na priyaḥ', 'ye bhajanti tu māṁ bhaktyā mayi te teṣhu chāpyaham']"
chpt9V30,"['api chet su-durāchāro bhajate mām ananya-bhāk', 'sādhur eva sa mantavyaḥ samyag vyavasito hi saḥ']"
chpt9V31,"['kṣhipraṁ bhavati dharmātmā śhaśhvach-chhāntiṁ nigachchhati', 'kaunteya pratijānīhi na me bhaktaḥ praṇaśhyati']"
chpt9V32,"['māṁ hi pārtha vyapāśhritya ye ’pi syuḥ pāpa-yonayaḥ', 'striyo vaiśhyās tathā śhūdrās te ’pi yānti parāṁ gatim']"
chpt9V33,"['kiṁ punar brāhmaṇāḥ puṇyā bhaktā rājarṣhayas tathā', 'anityam asukhaṁ lokam imaṁ prāpya bhajasva mām']"
chpt9V34,"['man-manā bhava mad-bhakto mad-yājī māṁ namaskuru', 'mām evaiṣhyasi yuktvaivam ātmānaṁ mat-parāyaṇaḥ']"
chpt10V1,"['śhrī bhagavān uvācha', 'bhūya eva mahā-bāho śhṛiṇu me paramaṁ vachaḥ', 'yatte ’haṁ prīyamāṇāya vakṣhyāmi hita-kāmyayā']"
chpt10V2,"['na me viduḥ sura-gaṇāḥ prabhavaṁ na maharṣhayaḥ', 'aham ādir hi devānāṁ maharṣhīṇāṁ cha sarvaśhaḥ']"
chpt10V3,"['yo māmajam anādiṁ cha vetti loka-maheśhvaram', 'asammūḍhaḥ sa martyeṣhu sarva-pāpaiḥ pramuchyate']"
chpt10V4,"['buddhir jñānam asammohaḥ kṣhamā satyaṁ damaḥ śhamaḥ', 'sukhaṁ duḥkhaṁ bhavo ’bhāvo bhayaṁ chābhayameva cha', 'ahinsā samatā tuṣhṭis tapo dānaṁ yaśho ’yaśhaḥ', 'bhavanti bhāvā bhūtānāṁ matta eva pṛithag-vidhāḥ']"
chpt10V6,"['maharṣhayaḥ sapta pūrve chatvāro manavas tathā', 'mad-bhāvā mānasā jātā yeṣhāṁ loka imāḥ prajāḥ']"
chpt10V7,"['etāṁ vibhūtiṁ yogaṁ cha mama yo vetti tattvataḥ', 'so ’vikampena yogena yujyate nātra sanśhayaḥ']"
chpt10V8,"['ahaṁ sarvasya prabhavo mattaḥ sarvaṁ pravartate', 'iti matvā bhajante māṁ budhā bhāva-samanvitāḥ']"
chpt10V9,"['mach-chittā mad-gata-prāṇā bodhayantaḥ parasparam', 'kathayantaśh cha māṁ nityaṁ tuṣhyanti cha ramanti cha']"
chpt10V10,"['teṣhāṁ satata-yuktānāṁ bhajatāṁ prīti-pūrvakam', 'dadāmi buddhi-yogaṁ taṁ yena mām upayānti te']"
chpt10V11,"['teṣhām evānukampārtham aham ajñāna-jaṁ tamaḥ', 'nāśhayāmyātma-bhāva-stho jñāna-dīpena bhāsvatā']"
chpt10V12,"['arjuna uvācha', 'paraṁ brahma paraṁ dhāma pavitraṁ paramaṁ bhavān', 'puruṣhaṁ śhāśhvataṁ divyam ādi-devam ajaṁ vibhum', 'āhus tvām ṛiṣhayaḥ sarve devarṣhir nāradas tathā', 'asito devalo vyāsaḥ svayaṁ chaiva bravīṣhi me']"
chpt10V14,"['sarvam etad ṛitaṁ manye yan māṁ vadasi keśhava', 'na hi te bhagavan vyaktiṁ vidur devā na dānavāḥ']"
chpt10V15,"['swayam evātmanātmānaṁ vettha tvaṁ puruṣhottama', 'bhūta-bhāvana bhūteśha deva-deva jagat-pate']"
chpt10V16,"['vaktum arhasyaśheṣheṇa divyā hyātma-vibhūtayaḥ', 'yābhir vibhūtibhir lokān imāṁs tvaṁ vyāpya tiṣhṭhasi', 'kathaṁ vidyām ahaṁ yogins tvāṁ sadā parichintayan', 'keṣhu keṣhu cha bhāveṣhu chintyo ’si bhagavan mayā']"
chpt10V18,"['vistareṇātmano yogaṁ vibhūtiṁ cha janārdana', 'bhūyaḥ kathaya tṛiptir hi śhṛiṇvato nāsti me ’mṛitam']"
chpt10V19,"['śhrī bhagavān uvācha', 'hanta te kathayiṣhyāmi divyā hyātma-vibhūtayaḥ', 'prādhānyataḥ kuru-śhreṣhṭha nāstyanto vistarasya me']"
chpt10V20,"['aham ātmā guḍākeśha sarva-bhūtāśhaya-sthitaḥ', 'aham ādiśh cha madhyaṁ cha bhūtānām anta eva cha']"
chpt10V21,"['ādityānām ahaṁ viṣhṇur jyotiṣhāṁ ravir anśhumān', 'marīchir marutām asmi nakṣhatrāṇām ahaṁ śhaśhī']"
chpt10V22,"['vedānāṁ sāma-vedo ’smi devānām asmi vāsavaḥ', 'indriyāṇāṁ manaśh chāsmi bhūtānām asmi chetanā']"
chpt10V23,"['rudrāṇāṁ śhaṅkaraśh chāsmi vitteśho yakṣha-rakṣhasām', 'vasūnāṁ pāvakaśh chāsmi meruḥ śhikhariṇām aham']"
chpt10V24,"['purodhasāṁ cha mukhyaṁ māṁ viddhi pārtha bṛihaspatim', 'senānīnām ahaṁ skandaḥ sarasām asmi sāgaraḥ']"
chpt10V25,"['maharṣhīṇāṁ bhṛigur ahaṁ girām asmyekam akṣharam', 'yajñānāṁ japa-yajño ’smi sthāvarāṇāṁ himālayaḥ']"
chpt10V26,"['aśhvatthaḥ sarva-vṛikṣhāṇāṁ devarṣhīṇāṁ cha nāradaḥ', 'gandharvāṇāṁ chitrarathaḥ siddhānāṁ kapilo muniḥ']"
chpt10V27,"['uchchaiḥśhravasam aśhvānāṁ viddhi mām amṛitodbhavam', 'airāvataṁ gajendrāṇāṁ narāṇāṁ cha narādhipam']"
chpt10V28,"['āyudhānām ahaṁ vajraṁ dhenūnām asmi kāmadhuk', 'prajanaśh chāsmi kandarpaḥ sarpāṇām asmi vāsukiḥ']"
chpt10V29,"['anantaśh chāsmi nāgānāṁ varuṇo yādasām aham', 'pitṝīṇām aryamā chāsmi yamaḥ sanyamatām aham']"
chpt10V30,"['prahlādaśh chāsmi daityānāṁ kālaḥ kalayatām aham', 'mṛigāṇāṁ cha mṛigendro ’haṁ vainateyaśh cha pakṣhiṇām']"
chpt10V31,"['pavanaḥ pavatām asmi rāmaḥ śhastra-bhṛitām aham', 'jhaṣhāṇāṁ makaraśh chāsmi srotasām asmi jāhnavī']"
chpt10V32,"['sargāṇām ādir antaśh cha madhyaṁ chaivāham arjuna', 'adhyātma-vidyā vidyānāṁ vādaḥ pravadatām aham']"
chpt10V33,"['akṣharāṇām a-kāro ’smi dvandvaḥ sāmāsikasya cha', 'aham evākṣhayaḥ kālo dhātāhaṁ viśhvato-mukhaḥ']"
chpt10V34,"['mṛityuḥ sarva-haraśh chāham udbhavaśh cha bhaviṣhyatām', 'kīrtiḥ śhrīr vāk cha nārīṇāṁ smṛitir medhā dhṛitiḥ kṣhamā']"
chpt10V35,"['bṛihat-sāma tathā sāmnāṁ gāyatrī chhandasām aham', 'māsānāṁ mārga-śhīrṣho ’ham ṛitūnāṁ kusumākaraḥ']"
chpt10V36,"['dyūtaṁ chhalayatām asmi tejas tejasvinām aham', 'jayo ’smi vyavasāyo ’smi sattvaṁ sattvavatām aham']"
chpt10V37,"['vṛiṣhṇīnāṁ vāsudevo ’smi pāṇḍavānāṁ dhanañjayaḥ', 'munīnām apyahaṁ vyāsaḥ kavīnām uśhanā kaviḥ']"
chpt10V38,"['daṇḍo damayatām asmi nītir asmi jigīṣhatām', 'maunaṁ chaivāsmi guhyānāṁ jñānaṁ jñānavatām aham']"
chpt10V39,"['yach chāpi sarva-bhūtānāṁ bījaṁ tad aham arjuna', 'na tad asti vinā yat syān mayā bhūtaṁ charācharam']"
chpt10V40,"['nānto ’sti mama divyānāṁ vibhūtīnāṁ parantapa', 'eṣha tūddeśhataḥ prokto vibhūter vistaro mayā']"
chpt10V41,"['yad yad vibhūtimat sattvaṁ śhrīmad ūrjitam eva vā', 'tat tad evāvagachchha tvaṁ mama tejo ’nśha-sambhavam']"
chpt10V42,"['atha vā bahunaitena kiṁ jñātena tavārjuna', 'viṣhṭabhyāham idaṁ kṛitsnam ekānśhena sthito jagat']"
chpt11V1,"['arjuna uvācha', 'mad-anugrahāya paramaṁ guhyam adhyātma-sanjñitam', 'yat tvayoktaṁ vachas tena moho ’yaṁ vigato mama']"
chpt11V2,"['bhavāpyayau hi bhūtānāṁ śhrutau vistaraśho mayā', 'tvattaḥ kamala-patrākṣha māhātmyam api chāvyayam']"
chpt11V3,"['evam etad yathāttha tvam ātmānaṁ parameśhvara', 'draṣhṭum ichchhāmi te rūpam aiśhwaraṁ puruṣhottama']"
chpt11V4,"['manyase yadi tach chhakyaṁ mayā draṣhṭum iti prabho', 'yogeśhvara tato me tvaṁ darśhayātmānam avyayam']"
chpt11V5,"['śhrī-bhagavān uvācha', 'paśhya me pārtha rūpāṇi śhataśho ’tha sahasraśhaḥ', 'nānā-vidhāni divyāni nānā-varṇākṛitīni cha']"
chpt11V6,"['paśhyādityān vasūn rudrān aśhvinau marutas tathā', 'bahūny adṛiṣhṭa-pūrvāṇi paśhyāśhcharyāṇi bhārata']"
chpt11V7,"['ihaika-sthaṁ jagat kṛitsnaṁ paśhyādya sa-charācharam', 'mama dehe guḍākeśha yach chānyad draṣhṭum ichchhasi']"
chpt11V8,"['na tu māṁ śhakyase draṣhṭum anenaiva sva-chakṣhuṣhā', 'divyaṁ dadāmi te chakṣhuḥ paśhya me yogam aiśhwaram']"
chpt11V9,"['sañjaya uvācha', 'evam uktvā tato rājan mahā-yogeśhvaro hariḥ', 'darśhayām āsa pārthāya paramaṁ rūpam aiśhwaram']"
chpt11V10,"['aneka-vaktra-nayanam anekādbhuta-darśhanam', 'aneka-divyābharaṇaṁ divyānekodyatāyudham', 'divya-mālyāmbara-dharaṁ divya-gandhānulepanam', 'sarvāśhcharya-mayaṁ devam anantaṁ viśhvato-mukham']"
chpt11V12,"['divi sūrya-sahasrasya bhaved yugapad utthitā', 'yadi bhāḥ sadṛiśhī sā syād bhāsas tasya mahātmanaḥ']"
chpt11V13,"['tatraika-sthaṁ jagat kṛitsnaṁ pravibhaktam anekadhā', 'apaśhyad deva-devasya śharīre pāṇḍavas tadā']"
chpt11V14,"['tataḥ sa vismayāviṣhṭo hṛiṣhṭa-romā dhanañjayaḥ', 'praṇamya śhirasā devaṁ kṛitāñjalir abhāṣhata']"
chpt11V15,"['arjuna uvācha', 'paśhyāmi devāns tava deva dehe', 'sarvāns tathā bhūta-viśheṣha-saṅghān', 'brahmāṇam īśhaṁ kamalāsana-stham', 'ṛiṣhīnśh cha sarvān uragānśh cha divyān']"
chpt11V16,"['aneka-bāhūdara-vaktra-netraṁ', 'paśhyāmi tvāṁ sarvato ’nanta-rūpam', 'nāntaṁ na madhyaṁ na punas tavādiṁ', 'paśhyāmi viśhveśhvara viśhva-rūpa']"
chpt11V17,"['kirīṭinaṁ gadinaṁ chakriṇaṁ cha', 'tejo-rāśhiṁ sarvato dīptimantam', 'paśhyāmi tvāṁ durnirīkṣhyaṁ samantād', 'dīptānalārka-dyutim aprameyam']"
chpt11V18,"['tvam akṣharaṁ paramaṁ veditavyaṁ', 'tvam asya viśhvasya paraṁ nidhānam', 'tvam avyayaḥ śhāśhvata-dharma-goptā', 'sanātanas tvaṁ puruṣho mato me']"
chpt11V19,"['anādi-madhyāntam ananta-vīryam', 'ananta-bāhuṁ śhaśhi-sūrya-netram', 'paśhyāmi tvāṁ dīpta-hutāśha-vaktraṁ', 'sva-tejasā viśhvam idaṁ tapantam']"
chpt11V20,"['dyāv ā-pṛithivyor idam antaraṁ hi', 'vyāptaṁ tvayaikena diśhaśh cha sarvāḥ', 'dṛiṣhṭvādbhutaṁ rūpam ugraṁ tavedaṁ', 'loka-trayaṁ pravyathitaṁ mahātman']"
chpt11V21,"['amī hi tvāṁ sura-saṅghā viśhanti', 'kechid bhītāḥ prāñjalayo gṛiṇanti', 'svastīty uktvā maharṣhi-siddha-saṅghāḥ', 'stuvanti tvāṁ stutibhiḥ puṣhkalābhiḥ']"
chpt11V22,"['rudrādityā vasavo ye cha sādhyā', 'viśhve ’śhvinau marutaśh choṣhmapāśh cha', 'gandharva-yakṣhāsura-siddha-saṅghā', 'vīkṣhante tvāṁ vismitāśh chaiva sarve']"
chpt11V23,"['rūpaṁ mahat te bahu-vaktra-netraṁ', 'mahā-bāho bahu-bāhūru-pādam', 'bahūdaraṁ bahu-danṣhṭrā-karālaṁ', 'dṛiṣhṭvā lokāḥ pravyathitās tathāham']"
chpt11V24,"['nabhaḥ-spṛiśhaṁ dīptam aneka-varṇaṁ', 'vyāttānanaṁ dīpta-viśhāla-netram', 'dṛiṣhṭvā hi tvāṁ pravyathitāntar-ātmā', 'dhṛitiṁ na vindāmi śhamaṁ cha viṣhṇo']"
chpt11V25,"['danṣhṭrā-karālāni cha te mukhāni', 'dṛiṣhṭvaiva kālānala-sannibhāni', 'diśho na jāne na labhe cha śharma', 'prasīda deveśha jagan-nivāsa']"
chpt11V26,"['amī cha tvāṁ dhṛitarāśhtrasya putrāḥ', 'sarve sahaivāvani-pāla-saṅghaiḥ', 'bhīṣhmo droṇaḥ sūta-putras tathāsau', 'sahāsmadīyair api yodha-mukhyaiḥ', 'vaktrāṇi te tvaramāṇā viśhanti', 'danṣhṭrā-karālāni bhayānakāni', 'kechid vilagnā daśhanāntareṣhu', 'sandṛiśhyante chūrṇitair uttamāṅgaiḥ']"
chpt11V28,"['yathā nadīnāṁ bahavo ’mbu-vegāḥ', 'samudram evābhimukhā dravanti', 'tathā tavāmī nara-loka-vīrā', 'viśhanti vaktrāṇy abhivijvalanti', 'yathā pradīptaṁ jvalanaṁ pataṅgā', 'viśhanti nāśhāya samṛiddha-vegāḥ', 'tathaiva nāśhāya viśhanti lokās', 'tavāpi vaktrāṇi samṛiddha-vegāḥ']"
chpt11V30,"['lelihyase grasamānaḥ samantāl', 'lokān samagrān vadanair jvaladbhiḥ', 'tejobhir āpūrya jagat samagraṁ', 'bhāsas tavogrāḥ pratapanti viṣhṇo']"
chpt11V31,"['ākhyāhi me ko bhavān ugra-rūpo', 'namo ’stu te deva-vara prasīda', 'vijñātum ichchhāmi bhavantam ādyaṁ', 'na hi prajānāmi tava pravṛittim']"
chpt11V32,"['śhrī-bhagavān uvācha', 'kālo ’smi loka-kṣhaya-kṛit pravṛiddho', 'lokān samāhartum iha pravṛittaḥ', 'ṛite ’pi tvāṁ na bhaviṣhyanti sarve', 'ye ’vasthitāḥ pratyanīkeṣhu yodhāḥ']"
chpt11V33,"['tasmāt tvam uttiṣhṭha yaśho labhasva', 'jitvā śhatrūn bhuṅkṣhva rājyaṁ samṛiddham', 'mayaivaite nihatāḥ pūrvam eva', 'nimitta-mātraṁ bhava savya-sāchin']"
chpt11V34,"['droṇaṁ cha bhīṣhmaṁ cha jayadrathaṁ cha', 'karṇaṁ tathānyān api yodha-vīrān', 'mayā hatāṁs tvaṁ jahi mā vyathiṣhṭhā', 'yudhyasva jetāsi raṇe sapatnān']"
chpt11V35,"['sañjaya uvācha', 'etach chhrutvā vachanaṁ keśhavasya', 'kṛitāñjalir vepamānaḥ kirīṭī', 'namaskṛitvā bhūya evāha kṛiṣhṇaṁ', 'sa-gadgadaṁ bhīta-bhītaḥ praṇamya']"
chpt11V36,"['arjuna uvācha', 'sthāne hṛiṣhīkeśha tava prakīrtyā', 'jagat prahṛiṣhyaty anurajyate cha', 'rakṣhānsi bhītāni diśho dravanti', 'sarve namasyanti cha siddha-saṅghāḥ']"
chpt11V37,"['kasmāch cha te na nameran mahātman', 'garīyase brahmaṇo ’py ādi-kartre', 'ananta deveśha jagan-nivāsa', 'tvam akṣharaṁ sad-asat tat paraṁ yat']"
chpt11V38,"['tvam ādi-devaḥ puruṣhaḥ purāṇas', 'tvam asya viśhvasya paraṁ nidhānam', 'vettāsi vedyaṁ cha paraṁ cha dhāma', 'tvayā tataṁ viśhvam ananta-rūpa']"
chpt11V39,"['vāyur yamo ’gnir varuṇaḥ śhaśhāṅkaḥ', 'prajāpatis tvaṁ prapitāmahaśh cha', 'namo namas te ’stu sahasra-kṛitvaḥ', 'punaśh cha bhūyo ’pi namo namas te']"
chpt11V40,"['namaḥ purastād atha pṛiṣhṭhatas te', 'namo ’stu te sarvata eva sarva', 'ananta-vīryāmita-vikramas tvaṁ', 'sarvaṁ samāpnoṣhi tato ’si sarvaḥ']"
chpt11V41,"['sakheti matvā prasabhaṁ yad uktaṁ', 'he kṛiṣhṇa he yādava he sakheti', 'ajānatā mahimānaṁ tavedaṁ', 'mayā pramādāt praṇayena vāpi', 'yach chāvahāsārtham asat-kṛito ’si', 'vihāra-śhayyāsana-bhojaneṣhu', 'eko ’tha vāpy achyuta tat-samakṣhaṁ', 'tat kṣhāmaye tvām aham aprameyam']"
chpt11V43,"['pitāsi lokasya charācharasya', 'tvam asya pūjyaśh cha gurur garīyān', 'na tvat-samo ’sty abhyadhikaḥ kuto ’nyo', 'loka-traye ’py apratima-prabhāva']"
chpt11V44,"['tasmāt praṇamya praṇidhāya kāyaṁ', 'prasādaye tvām aham īśham īḍyam', 'piteva putrasya sakheva sakhyuḥ', 'priyaḥ priyāyārhasi deva soḍhum']"
chpt11V45,"['adṛiṣhṭa-pūrvaṁ hṛiṣhito ’smi dṛiṣhṭvā', 'bhayena cha pravyathitaṁ mano me', 'tad eva me darśhaya deva rūpaṁ', 'prasīda deveśha jagan-nivāsa']"
chpt11V46,"['kirīṭinaṁ gadinaṁ chakra-hastam', 'ichchhāmi tvāṁ draṣhṭum ahaṁ tathaiva', 'tenaiva rūpeṇa chatur-bhujena', 'sahasra-bāho bhava viśhva-mūrte']"
chpt11V47,"['śhrī-bhagavān uvācha', 'mayā prasannena tavārjunedaṁ', 'rūpaṁ paraṁ darśhitam ātma-yogāt', 'tejo-mayaṁ viśhvam anantam ādyaṁ', 'yan me tvad anyena na dṛiṣhṭa-pūrvam']"
chpt11V48,"['na veda-yajñādhyayanair na dānair', 'na cha kriyābhir na tapobhir ugraiḥ', 'evaṁ-rūpaḥ śhakya ahaṁ nṛi-loke', 'draṣhṭuṁ tvad anyena kuru-pravīra']"
chpt11V49,"['mā te vyathā mā cha vimūḍha-bhāvo', 'dṛiṣhṭvā rūpaṁ ghoram īdṛiṅ mamedam', 'vyapeta-bhīḥ prīta-manāḥ punas tvaṁ', 'tad eva me rūpam idaṁ prapaśhya']"
chpt11V50,"['sañjaya uvācha', 'ity arjunaṁ vāsudevas tathoktvā', 'svakaṁ rūpaṁ darśhayām āsa bhūyaḥ', 'āśhvāsayām āsa cha bhītam enaṁ', 'bhūtvā punaḥ saumya-vapur mahātmā']"
chpt11V51,"['arjuna uvācha', 'dṛiṣhṭvedaṁ mānuṣhaṁ rūpaṁ tava saumyaṁ janārdana', 'idānīm asmi saṁvṛittaḥ sa-chetāḥ prakṛitiṁ gataḥ']"
chpt11V52,"['śhrī-bhagavān uvācha', 'su-durdarśham idaṁ rūpaṁ dṛiṣhṭavān asi yan mama', 'devā apy asya rūpasya nityaṁ darśhana-kāṅkṣhiṇaḥ', 'nāhaṁ vedair na tapasā na dānena na chejyayā', 'śhakya evaṁ-vidho draṣhṭuṁ dṛiṣhṭavān asi māṁ yathā']"
chpt11V54,"['bhaktyā tv ananyayā śhakya aham evaṁ-vidho ’rjuna', 'jñātuṁ draṣhṭuṁ cha tattvena praveṣhṭuṁ cha parantapa']"
chpt11V55,"['mat-karma-kṛin mat-paramo mad-bhaktaḥ saṅga-varjitaḥ', 'nirvairaḥ sarva-bhūteṣhu yaḥ sa mām eti pāṇḍava']"
chpt12V1,"['arjuna uvācha', 'evaṁ satata-yuktā ye bhaktās tvāṁ paryupāsate', 'ye chāpy akṣharam avyaktaṁ teṣhāṁ ke yoga-vittamāḥ']"
chpt12V2,"['śhrī-bhagavān uvācha', 'mayy āveśhya mano ye māṁ nitya-yuktā upāsate', 'śhraddhayā parayopetās te me yuktatamā matāḥ']"
chpt12V3,"['ye tv akṣharam anirdeśhyam avyaktaṁ paryupāsate', 'sarvatra-gam achintyañcha kūṭa-stham achalandhruvam', 'sanniyamyendriya-grāmaṁ sarvatra sama-buddhayaḥ', 'te prāpnuvanti mām eva sarva-bhūta-hite ratāḥ']"
chpt12V5,"['kleśho ’dhikataras teṣhām avyaktāsakta-chetasām', 'avyaktā hi gatir duḥkhaṁ dehavadbhir avāpyate']"
chpt12V6,"['ye tu sarvāṇi karmāṇi mayi sannyasya mat-paraḥ', 'ananyenaiva yogena māṁ dhyāyanta upāsate', 'teṣhām ahaṁ samuddhartā mṛityu-saṁsāra-sāgarāt', 'bhavāmi na chirāt pārtha mayy āveśhita-chetasām']"
chpt12V8,"['mayy eva mana ādhatsva mayi buddhiṁ niveśhaya', 'nivasiṣhyasi mayy eva ata ūrdhvaṁ na sanśhayaḥ']"
chpt12V9,"['atha chittaṁ samādhātuṁ na śhaknoṣhi mayi sthiram', 'abhyāsa-yogena tato mām ichchhāptuṁ dhanañjaya']"
chpt12V10,"['abhyāse ’py asamartho ’si mat-karma-paramo bhava', 'mad-artham api karmāṇi kurvan siddhim avāpsyasi']"
chpt12V11,"['athaitad apy aśhakto ’si kartuṁ mad-yogam āśhritaḥ', 'sarva-karma-phala-tyāgaṁ tataḥ kuru yatātmavān']"
chpt12V12,"['śhreyo hi jñānam abhyāsāj jñānād dhyānaṁ viśhiṣhyate', 'dhyānāt karma-phala-tyāgas tyāgāch chhāntir anantaram']"
chpt12V13,"['adveṣhṭā sarva-bhūtānāṁ maitraḥ karuṇa eva cha', 'nirmamo nirahankāraḥ sama-duḥkha-sukhaḥ kṣhamī', 'santuṣhṭaḥ satataṁ yogī yatātmā dṛiḍha-niśhchayaḥ', 'mayy arpita-mano-buddhir yo mad-bhaktaḥ sa me priyaḥ']"
chpt12V15,"['yasmān nodvijate loko lokān nodvijate cha yaḥ', 'harṣhāmarṣha-bhayodvegair mukto yaḥ sa cha me priyaḥ']"
chpt12V16,"['anapekṣhaḥ śhuchir dakṣha udāsīno gata-vyathaḥ', 'sarvārambha-parityāgī yo mad-bhaktaḥ sa me priyaḥ']"
chpt12V17,"['yo na hṛiṣhyati na dveṣhṭi na śhochati na kāṅkṣhati', 'śhubhāśhubha-parityāgī bhaktimān yaḥ sa me priyaḥ']"
chpt12V18,"['samaḥ śhatrau cha mitre cha tathā mānāpamānayoḥ', 'śhītoṣhṇa-sukha-duḥkheṣhu samaḥ saṅga-vivarjitaḥ', 'tulya-nindā-stutir maunī santuṣhṭo yena kenachit', 'aniketaḥ sthira-matir bhaktimān me priyo naraḥ']"
chpt12V20,"['ye tu dharmyāmṛitam idaṁ yathoktaṁ paryupāsate', 'śhraddadhānā mat-paramā bhaktās te ’tīva me priyāḥ']"
chpt13V1,"['arjuna uvācha', 'prakṛitiṁ puruṣhaṁ chaiva kṣhetraṁ kṣhetra-jñam eva cha', 'etad veditum ichchhāmi jñānaṁ jñeyaṁ cha keśhava']"
chpt13V2,"['śhrī-bhagavān uvācha', 'idaṁ śharīraṁ kaunteya kṣhetram ity abhidhīyate', 'etad yo vetti taṁ prāhuḥ kṣhetra-jña iti tad-vidaḥ']"
chpt13V3,"['kṣhetra-jñaṁ chāpi māṁ viddhi sarva-kṣhetreṣhu bhārata', 'kṣhetra-kṣhetrajñayor jñānaṁ yat taj jñānaṁ mataṁ mama']"
chpt13V4,"['tat kṣhetraṁ yach cha yādṛik cha yad-vikāri yataśh cha yat', 'sa cha yo yat-prabhāvaśh cha tat samāsena me śhṛiṇu']"
chpt13V5,"['ṛiṣhibhir bahudhā gītaṁ chhandobhir vividhaiḥ pṛithak', 'brahma-sūtra-padaiśh chaiva hetumadbhir viniśhchitaiḥ']"
chpt13V6,"['mahā-bhūtāny ahankāro buddhir avyaktam eva cha', 'indriyāṇi daśhaikaṁ cha pañcha chendriya-gocharāḥ']"
chpt13V7,"['ichchhā dveṣhaḥ sukhaṁ duḥkhaṁ saṅghātaśh chetanā dhṛitiḥ', 'etat kṣhetraṁ samāsena sa-vikāram udāhṛitam']"
chpt13V8,"['amānitvam adambhitvam ahinsā kṣhāntir ārjavam', 'āchāryopāsanaṁ śhauchaṁ sthairyam ātma-vinigrahaḥ', 'indriyārtheṣhu vairāgyam anahankāra eva cha', 'janma-mṛityu-jarā-vyādhi-duḥkha-doṣhānudarśhanam', 'asaktir anabhiṣhvaṅgaḥ putra-dāra-gṛihādiṣhu', 'nityaṁ cha sama-chittatvam iṣhṭāniṣhṭopapattiṣhu', 'mayi chānanya-yogena bhaktir avyabhichāriṇī', 'vivikta-deśha-sevitvam aratir jana-sansadi', 'adhyātma-jñāna-nityatvaṁ tattva-jñānārtha-darśhanam', 'etaj jñānam iti proktam ajñānaṁ yad ato ’nyathā']"
chpt13V13,"['jñeyaṁ yat tat pravakṣhyāmi yaj jñātvāmṛitam aśhnute', 'anādi mat-paraṁ brahma na sat tan nāsad uchyate']"
chpt13V14,"['sarvataḥ pāṇi-pādaṁ tat sarvato ’kṣhi-śhiro-mukham', 'sarvataḥ śhrutimal loke sarvam āvṛitya tiṣhṭhati']"
chpt13V15,"['sarvendriya-guṇābhāsaṁ sarvendriya-vivarjitam', 'asaktaṁ sarva-bhṛich chaiva nirguṇaṁ guṇa-bhoktṛi cha']"
chpt13V16,"['bahir antaśh cha bhūtānām acharaṁ charam eva cha', 'sūkṣhmatvāt tad avijñeyaṁ dūra-sthaṁ chāntike cha tat']"
chpt13V17,"['avibhaktaṁ cha bhūteṣhu vibhaktam iva cha sthitam', 'bhūta-bhartṛi cha taj jñeyaṁ grasiṣhṇu prabhaviṣhṇu cha']"
chpt13V18,"['jyotiṣhām api taj jyotis tamasaḥ param uchyate', 'jñānaṁ jñeyaṁ jñāna-gamyaṁ hṛidi sarvasya viṣhṭhitam']"
chpt13V19,"['iti kṣhetraṁ tathā jñānaṁ jñeyaṁ choktaṁ samāsataḥ', 'mad-bhakta etad vijñāya mad-bhāvāyopapadyate']"
chpt13V20,"['prakṛitiṁ puruṣhaṁ chaiva viddhy anādī ubhāv api', 'vikārānśh cha guṇānśh chaiva viddhi prakṛiti-sambhavān']"
chpt13V21,"['kārya-kāraṇa-kartṛitve hetuḥ prakṛitir uchyate', 'puruṣhaḥ sukha-duḥkhānāṁ bhoktṛitve hetur uchyate']"
chpt13V22,"['puruṣhaḥ prakṛiti-stho hi bhuṅkte prakṛiti-jān guṇān', 'kāraṇaṁ guṇa-saṅgo ’sya sad-asad-yoni-janmasu']"
chpt13V23,"['upadraṣhṭānumantā cha bhartā bhoktā maheśhvaraḥ', 'paramātmeti chāpy ukto dehe ’smin puruṣhaḥ paraḥ']"
chpt13V24,"['ya evaṁ vetti puruṣhaṁ prakṛitiṁ cha guṇaiḥ saha', 'sarvathā vartamāno ’pi na sa bhūyo ’bhijāyate']"
chpt13V25,"['dhyānenātmani paśhyanti kechid ātmānam ātmanā', 'anye sānkhyena yogena karma-yogena chāpare']"
chpt13V26,"['anye tv evam ajānantaḥ śhrutvānyebhya upāsate', 'te ’pi chātitaranty eva mṛityuṁ śhruti-parāyaṇāḥ']"
chpt13V27,"['yāvat sañjāyate kiñchit sattvaṁ sthāvara-jaṅgamam', 'kṣhetra-kṣhetrajña-sanyogāt tad viddhi bharatarṣhabha']"
chpt13V28,"['samaṁ sarveṣhu bhūteṣhu tiṣhṭhantaṁ parameśhvaram', 'vinaśhyatsv avinaśhyantaṁ yaḥ paśhyati sa paśhyati']"
chpt13V29,"['samaṁ paśhyan hi sarvatra samavasthitam īśhvaram', 'na hinasty ātmanātmānaṁ tato yāti parāṁ gatim']"
chpt13V30,"['prakṛityaiva cha karmāṇi kriyamāṇāni sarvaśhaḥ', 'yaḥ paśhyati tathātmānam akartāraṁ sa paśhyati']"
chpt13V31,"['yadā bhūta-pṛithag-bhāvam eka-stham anupaśhyati', 'tata eva cha vistāraṁ brahma sampadyate tadā']"
chpt13V32,"['anāditvān nirguṇatvāt paramātmāyam avyayaḥ', 'śharīra-stho ’pi kaunteya na karoti na lipyate']"
chpt13V33,"['yathā sarva-gataṁ saukṣhmyād ākāśhaṁ nopalipyate', 'sarvatrāvasthito dehe tathātmā nopalipyate']"
chpt13V34,"['yathā prakāśhayaty ekaḥ kṛitsnaṁ lokam imaṁ raviḥ', 'kṣhetraṁ kṣhetrī tathā kṛitsnaṁ prakāśhayati bhārata']"
chpt13V35,"['kṣhetra-kṣhetrajñayor evam antaraṁ jñāna-chakṣhuṣhā', 'bhūta-prakṛiti-mokṣhaṁ cha ye vidur yānti te param']"
chpt14V1,"['śhrī-bhagavān uvācha', 'paraṁ bhūyaḥ pravakṣhyāmi jñānānāṁ jñānam uttamam', 'yaj jñātvā munayaḥ sarve parāṁ siddhim ito gatāḥ']"
chpt14V2,"['idaṁ jñānam upāśhritya mama sādharmyam āgatāḥ', 'sarge ’pi nopajāyante pralaye na vyathanti cha']"
chpt14V3,"['mama yonir mahad brahma tasmin garbhaṁ dadhāmy aham', 'sambhavaḥ sarva-bhūtānāṁ tato bhavati bhārata', 'sarva-yoniṣhu kaunteya mūrtayaḥ sambhavanti yāḥ', 'tāsāṁ brahma mahad yonir ahaṁ bīja-pradaḥ pitā']"
chpt14V5,"['sattvaṁ rajas tama iti guṇāḥ prakṛiti-sambhavāḥ', 'nibadhnanti mahā-bāho dehe dehinam avyayam']"
chpt14V6,"['tatra sattvaṁ nirmalatvāt prakāśhakam anāmayam', 'sukha-saṅgena badhnāti jñāna-saṅgena chānagha']"
chpt14V7,"['rajo rāgātmakaṁ viddhi tṛiṣhṇā-saṅga-samudbhavam', 'tan nibadhnāti kaunteya karma-saṅgena dehinam']"
chpt14V8,"['tamas tv ajñāna-jaṁ viddhi mohanaṁ sarva-dehinām', 'pramādālasya-nidrābhis tan nibadhnāti bhārata']"
chpt14V9,"['sattvaṁ sukhe sañjayati rajaḥ karmaṇi bhārata', 'jñānam āvṛitya tu tamaḥ pramāde sañjayaty uta']"
chpt14V10,"['rajas tamaśh chābhibhūya sattvaṁ bhavati bhārata', 'rajaḥ sattvaṁ tamaśh chaiva tamaḥ sattvaṁ rajas tathā']"
chpt14V11,"['sarva-dvāreṣhu dehe ’smin prakāśha upajāyate', 'jñānaṁ yadā tadā vidyād vivṛiddhaṁ sattvam ity uta', 'lobhaḥ pravṛittir ārambhaḥ karmaṇām aśhamaḥ spṛihā', 'rajasy etāni jāyante vivṛiddhe bharatarṣhabha', 'aprakāśho ’pravṛittiśh cha pramādo moha eva cha', 'tamasy etāni jāyante vivṛiddhe kuru-nandana']"
chpt14V14,"['yadā sattve pravṛiddhe tu pralayaṁ yāti deha-bhṛit', 'tadottama-vidāṁ lokān amalān pratipadyate', 'rajasi pralayaṁ gatvā karma-saṅgiṣhu jāyate', 'tathā pralīnas tamasi mūḍha-yoniṣhu jāyate']"
chpt14V16,"['karmaṇaḥ sukṛitasyāhuḥ sāttvikaṁ nirmalaṁ phalam', 'rajasas tu phalaṁ duḥkham ajñānaṁ tamasaḥ phalam']"
chpt14V17,"['sattvāt sañjāyate jñānaṁ rajaso lobha eva cha', 'pramāda-mohau tamaso bhavato ’jñānam eva cha']"
chpt14V18,"['ūrdhvaṁ gachchhanti sattva-sthā madhye tiṣhṭhanti rājasāḥ', 'jaghanya-guṇa-vṛitti-sthā adho gachchhanti tāmasāḥ']"
chpt14V19,"['nānyaṁ guṇebhyaḥ kartāraṁ yadā draṣhṭānupaśhyati', 'guṇebhyaśh cha paraṁ vetti mad-bhāvaṁ so ’dhigachchhati']"
chpt14V20,"['guṇān etān atītya trīn dehī deha-samudbhavān', 'janma-mṛityu-jarā-duḥkhair vimukto ’mṛitam aśhnute']"
chpt14V21,"['arjuna uvācha', 'kair liṅgais trīn guṇān etān atīto bhavati prabho', 'kim āchāraḥ kathaṁ chaitāns trīn guṇān ativartate']"
chpt14V22,"['śhrī-bhagavān uvācha', 'prakāśhaṁ cha pravṛittiṁ cha moham eva cha pāṇḍava', 'na dveṣhṭi sampravṛittāni na nivṛittāni kāṅkṣhati', 'udāsīna-vad āsīno guṇair yo na vichālyate', 'guṇā vartanta ity evaṁ yo ’vatiṣhṭhati neṅgate']"
chpt14V24,"['sama-duḥkha-sukhaḥ sva-sthaḥ sama-loṣhṭāśhma-kāñchanaḥ', 'tulya-priyāpriyo dhīras tulya-nindātma-sanstutiḥ', 'mānāpamānayos tulyas tulyo mitrāri-pakṣhayoḥ', 'sarvārambha-parityāgī guṇātītaḥ sa uchyate']"
chpt14V26,"['māṁ cha yo ’vyabhichāreṇa bhakti-yogena sevate', 'sa guṇān samatītyaitān brahma-bhūyāya kalpate']"
chpt14V27,"['brahmaṇo hi pratiṣhṭhāham amṛitasyāvyayasya cha', 'śhāśhvatasya cha dharmasya sukhasyaikāntikasya cha']"
chpt15V1,"['śhrī-bhagavān uvācha', 'ūrdhva-mūlam adhaḥ-śhākham aśhvatthaṁ prāhur avyayam', 'chhandānsi yasya parṇāni yas taṁ veda sa veda-vit']"
chpt15V2,"['adhaśh chordhvaṁ prasṛitās tasya śhākhā', 'guṇa-pravṛiddhā viṣhaya-pravālāḥ', 'adhaśh cha mūlāny anusantatāni', 'karmānubandhīni manuṣhya-loke']"
chpt15V3,"['na rūpam asyeha tathopalabhyate', 'nānto na chādir na cha sampratiṣhṭhā', 'aśhvattham enaṁ su-virūḍha-mūlam', 'asaṅga-śhastreṇa dṛiḍhena chhittvā', 'tataḥ padaṁ tat parimārgitavyaṁ', 'yasmin gatā na nivartanti bhūyaḥ', 'tam eva chādyaṁ puruṣhaṁ prapadye', 'yataḥ pravṛittiḥ prasṛitā purāṇī']"
chpt15V5,"['nirmāna-mohā jita-saṅga-doṣhā', 'adhyātma-nityā vinivṛitta-kāmāḥ', 'dvandvair vimuktāḥ sukha-duḥkha-sanjñair', 'gachchhanty amūḍhāḥ padam avyayaṁ tat']"
chpt15V6,"['na tad bhāsayate sūryo na śhaśhāṅko na pāvakaḥ', 'yad gatvā na nivartante tad dhāma paramaṁ mama']"
chpt15V7,"['mamaivānśho jīva-loke jīva-bhūtaḥ sanātanaḥ', 'manaḥ-ṣhaṣhṭhānīndriyāṇi prakṛiti-sthāni karṣhati']"
chpt15V8,"['śharīraṁ yad avāpnoti yach chāpy utkrāmatīśhvaraḥ', 'gṛihītvaitāni sanyāti vāyur gandhān ivāśhayāt']"
chpt15V9,"['śhrotraṁ chakṣhuḥ sparśhanaṁ cha rasanaṁ ghrāṇam eva cha', 'adhiṣhṭhāya manaśh chāyaṁ viṣhayān upasevate']"
chpt15V10,"['utkrāmantaṁ sthitaṁ vāpi bhuñjānaṁ vā guṇānvitam', 'vimūḍhā nānupaśhyanti paśhyanti jñāna-chakṣhuṣhaḥ']"
chpt15V11,"['yatanto yoginaśh chainaṁ paśhyanty ātmany avasthitam', 'yatanto ‘py akṛitātmāno nainaṁ paśhyanty achetasaḥ']"
chpt15V12,"['yad āditya-gataṁ tejo jagad bhāsayate ’khilam', 'yach chandramasi yach chāgnau tat tejo viddhi māmakam']"
chpt15V13,"['gām āviśhya cha bhūtāni dhārayāmy aham ojasā', 'puṣhṇāmi chauṣhadhīḥ sarvāḥ somo bhūtvā rasātmakaḥ']"
chpt15V14,"['ahaṁ vaiśhvānaro bhūtvā prāṇināṁ deham āśhritaḥ', 'prāṇāpāna-samāyuktaḥ pachāmy annaṁ chatur-vidham']"
chpt15V15,"['sarvasya chāhaṁ hṛidi sanniviṣhṭo', 'mattaḥ smṛitir jñānam apohanaṁ cha', 'vedaiśh cha sarvair aham eva vedyo', 'vedānta-kṛid veda-vid eva chāham']"
chpt15V16,"['dvāv imau puruṣhau loke kṣharaśh chākṣhara eva cha', 'kṣharaḥ sarvāṇi bhūtāni kūṭa-stho ’kṣhara uchyate']"
chpt15V17,"['uttamaḥ puruṣhas tv anyaḥ paramātmety udāhṛitaḥ', 'yo loka-trayam āviśhya bibharty avyaya īśhvaraḥ']"
chpt15V18,"['yasmāt kṣharam atīto ’ham akṣharād api chottamaḥ', 'ato ’smi loke vede cha prathitaḥ puruṣhottamaḥ']"
chpt15V19,"['yo mām evam asammūḍho jānāti puruṣhottamam', 'sa sarva-vid bhajati māṁ sarva-bhāvena bhārata']"
chpt15V20,"['iti guhyatamaṁ śhāstram idam uktaṁ mayānagha', 'etad buddhvā buddhimān syāt kṛita-kṛityaśh cha bhārata']"
chpt16V1,"['śhrī-bhagavān uvācha', 'abhayaṁ sattva-sanśhuddhir jñāna-yoga-vyavasthitiḥ', 'dānaṁ damaśh cha yajñaśh cha svādhyāyas tapa ārjavam', 'ahinsā satyam akrodhas tyāgaḥ śhāntir apaiśhunam', 'dayā bhūteṣhv aloluptvaṁ mārdavaṁ hrīr achāpalam', 'tejaḥ kṣhamā dhṛitiḥ śhaucham adroho nāti-mānitā', 'bhavanti sampadaṁ daivīm abhijātasya bhārata']"
chpt16V4,"['dambho darpo ’bhimānaśh cha krodhaḥ pāruṣhyam eva cha', 'ajñānaṁ chābhijātasya pārtha sampadam āsurīm']"
chpt16V5,"['daivī sampad vimokṣhāya nibandhāyāsurī matā', 'mā śhuchaḥ sampadaṁ daivīm abhijāto ’si pāṇḍava']"
chpt16V6,"['dvau bhūta-sargau loke ’smin daiva āsura eva cha', 'daivo vistaraśhaḥ prokta āsuraṁ pārtha me śhṛiṇu']"
chpt16V7,"['pravṛittiṁ cha nivṛittiṁ cha janā na vidur āsurāḥ', 'na śhauchaṁ nāpi chāchāro na satyaṁ teṣhu vidyate']"
chpt16V8,"['asatyam apratiṣhṭhaṁ te jagad āhur anīśhvaram', 'aparaspara-sambhūtaṁ kim anyat kāma-haitukam']"
chpt16V9,"['etāṁ dṛiṣhṭim avaṣhṭabhya naṣhṭātmāno ’lpa-buddhayaḥ', 'prabhavanty ugra-karmāṇaḥ kṣhayāya jagato ’hitāḥ']"
chpt16V10,"['kāmam āśhritya duṣhpūraṁ dambha-māna-madānvitāḥ', 'mohād gṛihītvāsad-grāhān pravartante ’śhuchi-vratāḥ']"
chpt16V11,"['chintām aparimeyāṁ cha pralayāntām upāśhritāḥ', 'kāmopabhoga-paramā etāvad iti niśhchitāḥ']"
chpt16V12,"['āśhā-pāśha-śhatair baddhāḥ kāma-krodha-parāyaṇāḥ', 'īhante kāma-bhogārtham anyāyenārtha-sañchayān']"
chpt16V13,"['idam adya mayā labdham imaṁ prāpsye manoratham', 'idam astīdam api me bhaviṣhyati punar dhanam', 'asau mayā hataḥ śhatrur haniṣhye chāparān api', 'īśhvaro ’ham ahaṁ bhogī siddho ’haṁ balavān sukhī', 'āḍhyo ’bhijanavān asmi ko ’nyo ’sti sadṛiśho mayā', 'yakṣhye dāsyāmi modiṣhya ity ajñāna-vimohitāḥ']"
chpt16V16,"['aneka-chitta-vibhrāntā moha-jāla-samāvṛitāḥ', 'prasaktāḥ kāma-bhogeṣhu patanti narake ’śhuchau']"
chpt16V17,"['ātma-sambhāvitāḥ stabdhā dhana-māna-madānvitāḥ', 'yajante nāma-yajñais te dambhenāvidhi-pūrvakam']"
chpt16V18,"['ahankāraṁ balaṁ darpaṁ kāmaṁ krodhaṁ cha sanśhritāḥ', 'mām ātma-para-deheṣhu pradviṣhanto ’bhyasūyakāḥ']"
chpt16V19,"['tān ahaṁ dviṣhataḥ krūrān sansāreṣhu narādhamān', 'kṣhipāmy ajasram aśhubhān āsurīṣhv eva yoniṣhu', 'āsurīṁ yonim āpannā mūḍhā janmani janmani', 'mām aprāpyaiva kaunteya tato yānty adhamāṁ gatim']"
chpt16V21,"['tri-vidhaṁ narakasyedaṁ dvāraṁ nāśhanam ātmanaḥ', 'kāmaḥ krodhas tathā lobhas tasmād etat trayaṁ tyajet']"
chpt16V22,"['etair vimuktaḥ kaunteya tamo-dvārais tribhir naraḥ', 'ācharaty ātmanaḥ śhreyas tato yāti parāṁ gatim']"
chpt16V23,"['yaḥ śhāstra-vidhim utsṛijya vartate kāma-kārataḥ', 'na sa siddhim avāpnoti na sukhaṁ na parāṁ gatim']"
chpt16V24,"['tasmāch chhāstraṁ pramāṇaṁ te kāryākārya-vyavasthitau', 'jñātvā śhāstra-vidhānoktaṁ karma kartum ihārhasi']"
chpt17V1,"['arjuna uvācha', 'ye śhāstra-vidhim utsṛijya yajante śhraddhayānvitāḥ', 'teṣhāṁ niṣhṭhā tu kā kṛiṣhṇa sattvam āho rajas tamaḥ']"
chpt17V2,"['śhrī-bhagavān uvācha', 'tri-vidhā bhavati śhraddhā dehināṁ sā svabhāva-jā', 'sāttvikī rājasī chaiva tāmasī cheti tāṁ śhṛiṇu']"
chpt17V3,"['sattvānurūpā sarvasya śhraddhā bhavati bhārata', 'śhraddhā-mayo ‘yaṁ puruṣho yo yach-chhraddhaḥ sa eva saḥ']"
chpt17V4,"['yajante sāttvikā devān yakṣha-rakṣhānsi rājasāḥ', 'pretān bhūta-gaṇānśh chānye yajante tāmasā janāḥ']"
chpt17V5,"['aśhāstra-vihitaṁ ghoraṁ tapyante ye tapo janāḥ', 'dambhāhankāra-sanyuktāḥ kāma-rāga-balānvitāḥ', 'karṣhayantaḥ śharīra-sthaṁ bhūta-grāmam achetasaḥ', 'māṁ chaivāntaḥ śharīra-sthaṁ tān viddhy āsura-niśhchayān']"
chpt17V7,"['āhāras tv api sarvasya tri-vidho bhavati priyaḥ', 'yajñas tapas tathā dānaṁ teṣhāṁ bhedam imaṁ śhṛiṇu']"
chpt17V8,"['āyuḥ-sattva-balārogya-sukha-prīti-vivardhanāḥ', 'rasyāḥ snigdhāḥ sthirā hṛidyā āhārāḥ sāttvika-priyāḥ']"
chpt17V9,"['kaṭv-amla-lavaṇāty-uṣhṇa- tīkṣhṇa-rūkṣha-vidāhinaḥ', 'āhārā rājasasyeṣhṭā duḥkha-śhokāmaya-pradāḥ']"
chpt17V10,"['yāta-yāmaṁ gata-rasaṁ pūti paryuṣhitaṁ cha yat', 'uchchhiṣhṭam api chāmedhyaṁ bhojanaṁ tāmasa-priyam']"
chpt17V11,"['aphalākāṅkṣhibhir yajño vidhi-driṣhṭo ya ijyate', 'yaṣhṭavyam eveti manaḥ samādhāya sa sāttvikaḥ']"
chpt17V12,"['abhisandhāya tu phalaṁ dambhārtham api chaiva yat', 'ijyate bharata-śhreṣhṭha taṁ yajñaṁ viddhi rājasam']"
chpt17V13,"['vidhi-hīnam asṛiṣhṭānnaṁ mantra-hīnam adakṣhiṇam', 'śhraddhā-virahitaṁ yajñaṁ tāmasaṁ parichakṣhate']"
chpt17V14,"['deva-dwija-guru-prājña- pūjanaṁ śhaucham ārjavam', 'brahmacharyam ahinsā cha śhārīraṁ tapa uchyate']"
chpt17V15,"['anudvega-karaṁ vākyaṁ satyaṁ priya-hitaṁ cha yat', 'svādhyāyābhyasanaṁ chaiva vāṅ-mayaṁ tapa uchyate']"
chpt17V16,"['manaḥ-prasādaḥ saumyatvaṁ maunam ātma-vinigrahaḥ', 'bhāva-sanśhuddhir ity etat tapo mānasam uchyate']"
chpt17V17,"['śhraddhayā parayā taptaṁ tapas tat tri-vidhaṁ naraiḥ', 'aphalākāṅkṣhibhir yuktaiḥ sāttvikaṁ parichakṣhate']"
chpt17V18,"['satkāra-māna-pūjārthaṁ tapo dambhena chaiva yat', 'kriyate tad iha proktaṁ rājasaṁ chalam adhruvam']"
chpt17V19,"['mūḍha-grāheṇātmano yat pīḍayā kriyate tapaḥ', 'parasyotsādanārthaṁ vā tat tāmasam udāhṛitam']"
chpt17V20,"['dātavyam iti yad dānaṁ dīyate ‘nupakāriṇe', 'deśhe kāle cha pātre cha tad dānaṁ sāttvikaṁ smṛitam']"
chpt17V21,"['yat tu pratyupakārārthaṁ phalam uddiśhya vā punaḥ', 'dīyate cha parikliṣhṭaṁ tad dānaṁ rājasaṁ smṛitam']"
chpt17V22,"['adeśha-kāle yad dānam apātrebhyaśh cha dīyate', 'asat-kṛitam avajñātaṁ tat tāmasam udāhṛitam']"
chpt17V23,"['oṁ tat sad iti nirdeśho brahmaṇas tri-vidhaḥ smṛitaḥ', 'brāhmaṇās tena vedāśh cha yajñāśh cha vihitāḥ purā']"
chpt17V24,"['tasmād oṁ ity udāhṛitya yajña-dāna-tapaḥ-kriyāḥ', 'pravartante vidhānoktāḥ satataṁ brahma-vādinām']"
chpt17V25,"['tad ity anabhisandhāya phalaṁ yajña-tapaḥ-kriyāḥ', 'dāna-kriyāśh cha vividhāḥ kriyante mokṣha-kāṅkṣhibhiḥ']"
chpt17V26,"['sad-bhāve sādhu-bhāve cha sad ity etat prayujyate', 'praśhaste karmaṇi tathā sach-chhabdaḥ pārtha yujyate', 'yajñe tapasi dāne cha sthitiḥ sad iti chochyate', 'karma chaiva tad-arthīyaṁ sad ity evābhidhīyate']"
chpt17V28,"['aśhraddhayā hutaṁ dattaṁ tapas taptaṁ kṛitaṁ cha yat', 'asad ity uchyate pārtha na cha tat pretya no iha']"
chpt18V1,"['arjuna uvācha', 'sannyāsasya mahā-bāho tattvam ichchhāmi veditum', 'tyāgasya cha hṛiṣhīkeśha pṛithak keśhi-niṣhūdana']"
chpt18V2,"['śhrī-bhagavān uvācha', 'kāmyānāṁ karmaṇāṁ nyāsaṁ sannyāsaṁ kavayo viduḥ', 'sarva-karma-phala-tyāgaṁ prāhus tyāgaṁ vichakṣhaṇāḥ']"
chpt18V3,"['tyājyaṁ doṣha-vad ity eke karma prāhur manīṣhiṇaḥ', 'yajña-dāna-tapaḥ-karma na tyājyam iti chāpare']"
chpt18V4,"['niśhchayaṁ śhṛiṇu me tatra tyāge bharata-sattama', 'tyāgo hi puruṣha-vyāghra tri-vidhaḥ samprakīrtitaḥ']"
chpt18V5,"['yajña-dāna-tapaḥ-karma na tyājyaṁ kāryam eva tat', 'yajño dānaṁ tapaśh chaiva pāvanāni manīṣhiṇām']"
chpt18V6,"['etāny api tu karmāṇi saṅgaṁ tyaktvā phalāni cha', 'kartavyānīti me pārtha niśhchitaṁ matam uttamam']"
chpt18V7,"['niyatasya tu sannyāsaḥ karmaṇo nopapadyate', 'mohāt tasya parityāgas tāmasaḥ parikīrtitaḥ']"
chpt18V8,"['duḥkham ity eva yat karma kāya-kleśha-bhayāt tyajet', 'sa kṛitvā rājasaṁ tyāgaṁ naiva tyāga-phalaṁ labhet']"
chpt18V9,"['kāryam ity eva yat karma niyataṁ kriyate ‘rjuna', 'saṅgaṁ tyaktvā phalaṁ chaiva sa tyāgaḥ sāttviko mataḥ']"
chpt18V10,"['na dveṣhṭy akuśhalaṁ karma kuśhale nānuṣhajjate', 'tyāgī sattva-samāviṣhṭo medhāvī chhinna-sanśhayaḥ']"
chpt18V11,"['na hi deha-bhṛitā śhakyaṁ tyaktuṁ karmāṇy aśheṣhataḥ', 'yas tu karma-phala-tyāgī sa tyāgīty abhidhīyate']"
chpt18V12,"['aniṣhṭam iṣhṭaṁ miśhraṁ cha tri-vidhaṁ karmaṇaḥ phalam', 'bhavaty atyāgināṁ pretya na tu sannyāsināṁ kvachit']"
chpt18V13,"['pañchaitāni mahā-bāho kāraṇāni nibodha me', 'sānkhye kṛitānte proktāni siddhaye sarva-karmaṇām']"
chpt18V14,"['adhiṣhṭhānaṁ tathā kartā karaṇaṁ cha pṛithag-vidham', 'vividhāśh cha pṛithak cheṣhṭā daivaṁ chaivātra pañchamam']"
chpt18V15,"['śharīra-vāṅ-manobhir yat karma prārabhate naraḥ', 'nyāyyaṁ vā viparītaṁ vā pañchaite tasya hetavaḥ', 'tatraivaṁ sati kartāram ātmānaṁ kevalaṁ tu yaḥ', 'paśhyaty akṛita-buddhitvān na sa paśhyati durmatiḥ']"
chpt18V17,"['yasya nāhankṛito bhāvo buddhir yasya na lipyate', 'hatvā ‘pi sa imāñl lokān na hanti na nibadhyate']"
chpt18V18,"['jñānaṁ jñeyaṁ parijñātā tri-vidhā karma-chodanā', 'karaṇaṁ karma karteti tri-vidhaḥ karma-saṅgrahaḥ']"
chpt18V19,"['jñānaṁ karma cha kartā cha tridhaiva guṇa-bhedataḥ', 'prochyate guṇa-saṅkhyāne yathāvach chhṛiṇu tāny api']"
chpt18V20,"['sarva-bhūteṣhu yenaikaṁ bhāvam avyayam īkṣhate', 'avibhaktaṁ vibhakteṣhu taj jñānaṁ viddhi sāttvikam']"
chpt18V21,"['pṛithaktvena tu yaj jñānaṁ nānā-bhāvān pṛithag-vidhān', 'vetti sarveṣhu bhūteṣhu taj jñānaṁ viddhi rājasam']"
chpt18V22,"['yat tu kṛitsna-vad ekasmin kārye saktam ahaitukam', 'atattvārtha-vad alpaṁ cha tat tāmasam udāhṛitam']"
chpt18V23,"['niyataṁ saṅga-rahitam arāga-dveṣhataḥ kṛitam', 'aphala-prepsunā karma yat tat sāttvikam uchyate']"
chpt18V24,"['yat tu kāmepsunā karma sāhankārena vā punaḥ', 'kriyate bahulāyāsaṁ tad rājasam udāhṛitam']"
chpt18V25,"['anubandhaṁ kṣhayaṁ hinsām anapekṣhya cha pauruṣham', 'mohād ārabhyate karma yat tat tāmasam uchyate']"
chpt18V26,"['mukta-saṅgo ‘nahaṁ-vādī dhṛity-utsāha-samanvitaḥ', 'siddhy-asiddhyor nirvikāraḥ kartā sāttvika uchyate']"
chpt18V27,"['rāgī karma-phala-prepsur lubdho hinsātmako ‘śhuchiḥ', 'harṣha-śhokānvitaḥ kartā rājasaḥ parikīrtitaḥ']"
chpt18V28,"['ayuktaḥ prākṛitaḥ stabdhaḥ śhaṭho naiṣhkṛitiko ‘lasaḥ', 'viṣhādī dīrgha-sūtrī cha kartā tāmasa uchyate']"
chpt18V29,"['buddher bhedaṁ dhṛiteśh chaiva guṇatas tri-vidhaṁ śhṛiṇu', 'prochyamānam aśheṣheṇa pṛithaktvena dhanañjaya']"
chpt18V30,"['pravṛittiṁ cha nivṛittiṁ cha kāryākārye bhayābhaye', 'bandhaṁ mokṣhaṁ cha yā vetti buddhiḥ sā pārtha sāttvikī']"
chpt18V31,"['yayā dharmam adharmaṁ cha kāryaṁ chākāryam eva cha', 'ayathāvat prajānāti buddhiḥ sā pārtha rājasī']"
chpt18V32,"['adharmaṁ dharmam iti yā manyate tamasāvṛitā', 'sarvārthān viparītānśh cha buddhiḥ sā pārtha tāmasī']"
chpt18V33,"['dhṛityā yayā dhārayate manaḥ-prāṇendriya-kriyāḥ', 'yogenāvyabhichāriṇyā dhṛitiḥ sā pārtha sāttvikī']"
chpt18V34,"['yayā tu dharma-kāmārthān dhṛityā dhārayate ‘rjuna', 'prasaṅgena phalākāṅkṣhī dhṛitiḥ sā pārtha rājasī']"
chpt18V35,"['yayā svapnaṁ bhayaṁ śhokaṁ viṣhādaṁ madam eva cha', 'na vimuñchati durmedhā dhṛitiḥ sā pārtha tāmasī']"
chpt18V36,"['sukhaṁ tv idānīṁ tri-vidhaṁ śhṛiṇu me bharatarṣhabha', 'abhyāsād ramate yatra duḥkhāntaṁ cha nigachchhati']"
chpt18V37,"['yat tad agre viṣham iva pariṇāme ‘mṛitopamam', 'tat sukhaṁ sāttvikaṁ proktam ātma-buddhi-prasāda-jam']"
chpt18V38,"['viṣhayendriya-sanyogād yat tad agre ’mṛitopamam', 'pariṇāme viṣham iva tat sukhaṁ rājasaṁ smṛitam']"
chpt18V39,"['yad agre chānubandhe cha sukhaṁ mohanam ātmanaḥ', 'nidrālasya-pramādotthaṁ tat tāmasam udāhṛitam']"
chpt18V40,"['na tad asti pṛithivyāṁ vā divi deveṣhu vā punaḥ', 'sattvaṁ prakṛiti-jair muktaṁ yad ebhiḥ syāt tribhir guṇaiḥ']"
chpt18V41,"['brāhmaṇa-kṣhatriya-viśhāṁ śhūdrāṇāṁ cha parantapa', 'karmāṇi pravibhaktāni svabhāva-prabhavair guṇaiḥ']"
chpt18V42,"['śhamo damas tapaḥ śhauchaṁ kṣhāntir ārjavam eva cha', 'jñānaṁ vijñānam āstikyaṁ brahma-karma svabhāva-jam']"
chpt18V43,"['śhauryaṁ tejo dhṛitir dākṣhyaṁ yuddhe chāpy apalāyanam', 'dānam īśhvara-bhāvaśh cha kṣhātraṁ karma svabhāva-jam']"
chpt18V44,"['kṛiṣhi-gau-rakṣhya-vāṇijyaṁ vaiśhya-karma svabhāva-jam', 'paricharyātmakaṁ karma śhūdrasyāpi svabhāva-jam']"
chpt18V45,"['sve sve karmaṇy abhirataḥ sansiddhiṁ labhate naraḥ', 'sva-karma-nirataḥ siddhiṁ yathā vindati tach chhṛiṇu']"
chpt18V46,"['yataḥ pravṛittir bhūtānāṁ yena sarvam idaṁ tatam', 'sva-karmaṇā tam abhyarchya siddhiṁ vindati mānavaḥ']"
chpt18V47,"['śhreyān swa-dharmo viguṇaḥ para-dharmāt sv-anuṣhṭhitāt', 'svabhāva-niyataṁ karma kurvan nāpnoti kilbiṣham']"
chpt18V48,"['saha-jaṁ karma kaunteya sa-doṣham api na tyajet', 'sarvārambhā hi doṣheṇa dhūmenāgnir ivāvṛitāḥ']"
chpt18V49,"['asakta-buddhiḥ sarvatra jitātmā vigata-spṛihaḥ', 'naiṣhkarmya-siddhiṁ paramāṁ sannyāsenādhigachchhati']"
chpt18V50,"['siddhiṁ prāpto yathā brahma tathāpnoti nibodha me', 'samāsenaiva kaunteya niṣhṭhā jñānasya yā parā']"
chpt18V51,"['buddhyā viśhuddhayā yukto dhṛityātmānaṁ niyamya cha', 'śhabdādīn viṣhayāns tyaktvā rāga-dveṣhau vyudasya cha', 'vivikta-sevī laghv-āśhī yata-vāk-kāya-mānasaḥ', 'dhyāna-yoga-paro nityaṁ vairāgyaṁ samupāśhritaḥ', 'ahankāraṁ balaṁ darpaṁ kāmaṁ krodhaṁ parigraham', 'vimuchya nirmamaḥ śhānto brahma-bhūyāya kalpate']"
chpt18V54,"['brahma-bhūtaḥ prasannātmā na śhochati na kāṅkṣhati', 'samaḥ sarveṣhu bhūteṣhu mad-bhaktiṁ labhate parām']"
chpt18V55,"['bhaktyā mām abhijānāti yāvān yaśh chāsmi tattvataḥ', 'tato māṁ tattvato jñātvā viśhate tad-anantaram']"
chpt18V56,"['sarva-karmāṇy api sadā kurvāṇo mad-vyapāśhrayaḥ', 'mat-prasādād avāpnoti śhāśhvataṁ padam avyayam']"
chpt18V57,"['chetasā sarva-karmāṇi mayi sannyasya mat-paraḥ', 'buddhi-yogam upāśhritya mach-chittaḥ satataṁ bhava']"
chpt18V58,"['mach-chittaḥ sarva-durgāṇi mat-prasādāt tariṣhyasi', 'atha chet tvam ahankārān na śhroṣhyasi vinaṅkṣhyasi']"
chpt18V59,"['yad ahankāram āśhritya na yotsya iti manyase', 'mithyaiṣha vyavasāyas te prakṛitis tvāṁ niyokṣhyati']"
chpt18V60,"['swbhāva-jena kaunteya nibaddhaḥ svena karmaṇā', 'kartuṁ nechchhasi yan mohāt kariṣhyasy avaśho ’pi tat']"
chpt18V61,"['īśhvaraḥ sarva-bhūtānāṁ hṛid-deśhe ‘rjuna tiṣhṭhati', 'bhrāmayan sarva-bhūtāni yantrārūḍhāni māyayā']"
chpt18V62,"['tam eva śharaṇaṁ gachchha sarva-bhāvena bhārata', 'tat-prasādāt parāṁ śhāntiṁ sthānaṁ prāpsyasi śhāśhvatam']"
chpt18V63,"['iti te jñānam ākhyātaṁ guhyād guhyataraṁ mayā', 'vimṛiśhyaitad aśheṣheṇa yathechchhasi tathā kuru']"
chpt18V64,"['sarva-guhyatamaṁ bhūyaḥ śhṛiṇu me paramaṁ vachaḥ', 'iṣhṭo ‘si me dṛiḍham iti tato vakṣhyāmi te hitam']"
chpt18V65,"['man-manā bhava mad-bhakto mad-yājī māṁ namaskuru', 'mām evaiṣhyasi satyaṁ te pratijāne priyo ‘si me']"
chpt18V66,"['sarva-dharmān parityajya mām ekaṁ śharaṇaṁ vraja', 'ahaṁ tvāṁ sarva-pāpebhyo mokṣhayiṣhyāmi mā śhuchaḥ']"
chpt18V67,"['idaṁ te nātapaskyāya nābhaktāya kadāchana', 'na chāśhuśhruṣhave vāchyaṁ na cha māṁ yo ‘bhyasūtayi']"
chpt18V68,"['ya idaṁ paramaṁ guhyaṁ mad-bhakteṣhv abhidhāsyati', 'bhaktiṁ mayi parāṁ kṛitvā mām evaiṣhyaty asanśhayaḥ']"
chpt18V69,"['na cha tasmān manuṣhyeṣhu kaśhchin me priya-kṛittamaḥ', 'bhavitā na cha me tasmād anyaḥ priyataro bhuvi']"
chpt18V70,"['adhyeṣhyate cha ya imaṁ dharmyaṁ saṁvādam āvayoḥ', 'jñāna-yajñena tenāham iṣhṭaḥ syām iti me matiḥ']"
chpt18V71,"['śhraddhāvān anasūyaśh cha śhṛiṇuyād api yo naraḥ', 'so ‘pi muktaḥ śhubhāñl lokān prāpnuyāt puṇya-karmaṇām']"
chpt18V72,"['kachchid etach chhrutaṁ pārtha tvayaikāgreṇa chetasā', 'kachchid ajñāna-sammohaḥ pranaṣhṭas te dhanañjaya']"
chpt18V73,"['arjuna uvācha', 'naṣhṭo mohaḥ smṛitir labdhā tvat-prasādān mayāchyuta', 'sthito ‘smi gata-sandehaḥ kariṣhye vachanaṁ tava']"
chpt18V74,"['sañjaya uvācha', 'ity ahaṁ vāsudevasya pārthasya cha mahātmanaḥ', 'saṁvādam imam aśhrauṣham adbhutaṁ roma-harṣhaṇam']"
chpt18V75,"['vyāsa-prasādāch chhrutavān etad guhyam ahaṁ param', 'yogaṁ yogeśhvarāt kṛiṣhṇāt sākṣhāt kathayataḥ svayam']"
chpt18V76,"['rājan sansmṛitya sansmṛitya saṁvādam imam adbhutam', 'keśhavārjunayoḥ puṇyaṁ hṛiṣhyāmi cha muhur muhuḥ']"
chpt18V77,"['tach cha sansmṛitya sansmṛitya rūpam aty-adbhutaṁ hareḥ', 'vismayo ye mahān rājan hṛiṣhyāmi cha punaḥ punaḥ']"
chpt18V78,"['yatra yogeśhvaraḥ kṛiṣhṇo yatra pārtho dhanur-dharaḥ', 'tatra śhrīr vijayo bhūtir dhruvā nītir matir mama']"
